YEAR,MONTH,TEMP
1880,1,-8.9
1880,2,-4.3
1880,3,-0.1
1880,4,11.6
1880,5,14.1
1880,6,17.6
1880,7,20.5
1880,8,17.4
1880,9,14.4
1880,10,11.2
1880,11,5.2
1880,12,0.4
1880,13,-6.1
1880,14,8.5
1880,15,18.5
1880,16,10.3
1880,17,7.79
1881,1,-5.9
1881,2,-3.6
1881,3,4.3
1881,4,9.1
1881,5,14.6
1881,6,17.1
1881,7,19.9
1881,8,20.7
1881,9,14.3
1881,10,8.9
1881,11,0.9
1881,12,-3.6
1881,13,-3
1881,14,9.3
1881,15,19.2
1881,16,8
1881,17,8.39
1882,1,-2.9
1882,2,-2.6
1882,3,7.4
1882,4,10.5
1882,5,14.5
1882,6,16.6
1882,7,21
1882,8,17.7
1882,9,16.5
1882,10,10
1882,11,4.9
1882,12,1.7
1882,13,-3
1882,14,10.8
1882,15,18.4
1882,16,10.5
1882,17,9.17
1883,1,-4.9
1883,2,-3.4
1883,3,-0.7
1883,4,6.7
1883,5,14.8
1883,6,19.3
1883,7,20.6
1883,8,18.8
1883,9,15.8
1883,10,9.8
1883,11,4.4
1883,12,-3.5
1883,13,-2.2
1883,14,6.9
1883,15,19.6
1883,16,10
1883,17,8.57
1884,1,-3.2
1884,2,0.7
1884,3,4
1884,4,9.2
1884,5,15.6
1884,6,16.5
1884,7,18.8
1884,8,17.7
1884,9,14.1
1884,10,8.6
1884,11,-1.9
1884,12,-0.3
1884,13,-2
1884,14,9.6
1884,15,17.7
1884,16,6.9
1884,17,8.05
1885,1,-3.5
1885,2,0.1
1885,3,4.5
1885,4,11.8
1885,5,14.4
1885,6,18.8
1885,7,19.8
1885,8,18
1885,9,15.1
1885,10,11.9
1885,11,4.9
1885,12,-4.5
1885,13,-1.2
1885,14,10.2
1885,15,18.9
1885,16,10.6
1885,17,9.62
1886,1,1
1886,2,0.1
1886,3,2
1886,4,10.6
1886,5,14.4
1886,6,17.7
1886,7,18.3
1886,8,19.2
1886,9,15.5
1886,10,10
1886,11,3.7
1886,12,2.9
1886,13,-1.1
1886,14,9
1886,15,18.4
1886,16,9.7
1886,17,9
1887,1,-1.1
1887,2,-5.2
1887,3,3.3
1887,4,9.4
1887,5,16.2
1887,6,15.8
1887,7,21.3
1887,8,19.1
1887,9,16.7
1887,10,9.4
1887,11,5.6
1887,12,-1.6
1887,13,-1.1
1887,14,9.6
1887,15,18.7
1887,16,10.6
1887,17,9.45
1888,1,-11
1888,2,-4.8
1888,3,6.1
1888,4,9.7
1888,5,15
1888,6,18.3
1888,7,20.2
1888,8,19.6
1888,9,16.7
1888,10,9.8
1888,11,-0.6
1888,12,-1
1888,13,-5.8
1888,14,10.3
1888,15,19.4
1888,16,8.6
1888,17,8.12
1889,1,-3.9
1889,2,-0.9
1889,3,3.2
1889,4,9.7
1889,5,17.3
1889,6,18.9
1889,7,20.8
1889,8,20.1
1889,9,13
1889,10,13.2
1889,11,3.8
1889,12,-6.8
1889,13,-1.9
1889,14,10.1
1889,15,19.9
1889,16,10
1889,17,9.52
1890,1,-3
1890,2,-9.6
1890,3,4.6
1890,4,11.9
1890,5,16
1890,6,15.9
1890,7,21.4
1890,8,22.4
1890,9,13.8
1890,10,9.3
1890,11,7
1890,12,-2.5
1890,13,-6.5
1890,14,10.8
1890,15,19.9
1890,16,10
1890,17,8.57
1891,1,-5.8
1891,2,-6.4
1891,3,4.8
1891,4,6.9
1891,5,17.6
1891,6,18.2
1891,7,20
1891,8,20.3
1891,9,16
1891,10,10.4
1891,11,4.4
1891,12,-1.3
1891,13,-4.9
1891,14,9.8
1891,15,19.5
1891,16,10.3
1891,17,8.66
1892,1,-1.9
1892,2,0.1
1892,3,3.9
1892,4,11.1
1892,5,15.4
1892,6,18.7
1892,7,18.9
1892,8,21.1
1892,9,18.7
1892,10,11.5
1892,11,0.9
1892,12,-4.2
1892,13,-1
1892,14,10.1
1892,15,19.6
1892,16,10.4
1892,17,9.76
1893,1,-11
1893,2,-1
1893,3,2.3
1893,4,6.6
1893,5,13.7
1893,6,17.8
1893,7,20.4
1893,8,18.4
1893,9,14.9
1893,10,10.9
1893,11,4.8
1893,12,-1.1
1893,13,-5.4
1893,14,7.5
1893,15,18.9
1893,16,10.2
1893,17,7.8
1894,1,-6.7
1894,2,-3.3
1894,3,4.2
1894,4,11.6
1894,5,15.1
1894,6,16.4
1894,7,22.7
1894,8,19.1
1894,9,13.5
1894,10,11.8
1894,11,2.3
1894,12,-2.4
1894,13,-3.7
1894,14,10.3
1894,15,19.4
1894,16,9.2
1894,17,8.8
1895,1,-0.8
1895,2,-4.7
1895,3,2.4
1895,4,9
1895,5,13.9
1895,6,17.7
1895,7,21.6
1895,8,19.2
1895,9,14.7
1895,10,11.1
1895,11,4
1895,12,-0.7
1895,13,-2.6
1895,14,8.4
1895,15,19.5
1895,16,9.9
1895,17,8.81
1896,1,-11.8
1896,2,-1.9
1896,3,6
1896,4,6.9
1896,5,14.3
1896,6,18.2
1896,7,20.5
1896,8,20.1
1896,9,16.6
1896,10,14.6
1896,11,3.1
1896,12,0.1
1896,13,-4.8
1896,14,9.1
1896,15,19.6
1896,16,11.4
1896,17,8.82
1897,1,-1.6
1897,2,-1.1
1897,3,5.5
1897,4,10.4
1897,5,14.7
1897,6,18.3
1897,7,20.8
1897,8,20.5
1897,9,16.5
1897,10,7.7
1897,11,-1.5
1897,12,-4.3
1897,13,-0.9
1897,14,10.2
1897,15,19.9
1897,16,7.6
1897,17,9.19
1898,1,-4.3
1898,2,0.1
1898,3,4.6
1898,4,11.5
1898,5,15.8
1898,6,19.1
1898,7,19.8
1898,8,19.8
1898,9,13.9
1898,10,12.1
1898,11,5.7
1898,12,-1.4
1898,13,-2.8
1898,14,10.6
1898,15,19.6
1898,16,10.6
1898,17,9.48
1899,1,-1.1
1899,2,0.7
1899,3,1.8
1899,4,11.4
1899,5,16.6
1899,6,17.1
1899,7,19.8
1899,8,17.8
1899,9,15.2
1899,10,7.2
1899,11,1.9
1899,12,-2.6
1899,13,-0.6
1899,14,9.9
1899,15,18.2
1899,16,8.1
1899,17,8.92
1900,1,0.9
1900,2,4.4
1900,3,0.4
1900,4,9.8
1900,5,15
1900,6,18.2
1900,7,21.1
1900,8,19.2
1900,9,15.4
1900,10,11.1
1900,11,6.5
1900,12,0.5
1900,13,0.9
1900,14,8.4
1900,15,19.5
1900,16,11
1900,17,9.95
1901,1,-9
1901,2,-2.9
1901,3,6.6
1901,4,9.2
1901,5,15.2
1901,6,18.5
1901,7,19.2
1901,8,17.5
1901,9,13.7
1901,10,9.8
1901,11,0.8
1901,12,2.4
1901,13,-3.8
1901,14,10.3
1901,15,18.4
1901,16,8.1
1901,17,8.26
1902,1,-0.7
1902,2,2.7
1902,3,3.2
1902,4,8.4
1902,5,11.4
1902,6,16.7
1902,7,17.8
1902,8,18.4
1902,9,14
1902,10,10.1
1902,11,-1.7
1902,12,-7
1902,13,1.5
1902,14,7.7
1902,15,17.6
1902,16,7.5
1902,17,8.56
1903,1,-3.3
1903,2,-0.2
1903,3,5.3
1903,4,7.9
1903,5,13.8
1903,6,16.7
1903,7,18.3
1903,8,17.4
1903,9,14.3
1903,10,9.3
1903,11,5.3
1903,12,1.3
1903,13,-3.5
1903,14,9
1903,15,17.5
1903,16,9.6
1903,17,8.15
1904,1,-5.8
1904,2,2.7
1904,3,3.3
1904,4,9
1904,5,13.9
1904,6,17.3
1904,7,19.5
1904,8,18.1
1904,9,13.2
1904,10,10
1904,11,-0.3
1904,12,-0.8
1904,13,-0.6
1904,14,8.7
1904,15,18.3
1904,16,7.6
1904,17,8.52
1905,1,-7.6
1905,2,-4.4
1905,3,4.3
1905,4,7.6
1905,5,15.2
1905,6,17.4
1905,7,19.9
1905,8,20.5
1905,9,15.1
1905,10,7
1905,11,6.1
1905,12,-1.4
1905,13,-4.3
1905,14,9
1905,15,19.3
1905,16,9.4
1905,17,8.36
1906,1,-3.5
1906,2,1.1
1906,3,4.7
1906,4,10.4
1906,5,14.9
1906,6,17.4
1906,7,19.5
1906,8,17.6
1906,9,13.3
1906,10,8.4
1906,11,6.3
1906,12,-1.6
1906,13,-1.3
1906,14,10
1906,15,18.2
1906,16,9.3
1906,17,9.06
1907,1,-5.9
1907,2,-4.9
1907,3,-2.1
1907,4,7.5
1907,5,17.8
1907,6,18.2
1907,7,18.8
1907,8,18.5
1907,9,13.7
1907,10,12.7
1907,11,2.3
1907,12,0.6
1907,13,-4.1
1907,14,7.7
1907,15,18.5
1907,16,9.6
1907,17,7.92
1908,1,-3.5
1908,2,-0.1
1908,3,4.2
1908,4,9.2
1908,5,17.3
1908,6,19.8
1908,7,19.1
1908,8,18.2
1908,9,13.4
1908,10,7.6
1908,11,-1.4
1908,12,-2.6
1908,13,-1
1908,14,10.2
1908,15,19
1908,16,6.5
1908,17,8.7
1909,1,-8.2
1909,2,-7.9
1909,3,5.3
1909,4,9.9
1909,5,14.9
1909,6,17.5
1909,7,20
1909,8,20.9
1909,9,16.2
1909,10,10
1909,11,2.7
1909,12,2.1
1909,13,-6.2
1909,14,10
1909,15,19.5
1909,16,9.6
1909,17,8.22
1910,1,-1
1910,2,3.6
1910,3,3.6
1910,4,9.5
1910,5,15.3
1910,6,18.3
1910,7,18.9
1910,8,18.8
1910,9,15
1910,10,8.6
1910,11,3.1
1910,12,1.1
1910,13,1.6
1910,14,9.5
1910,15,18.7
1910,16,8.9
1910,17,9.65
1911,1,-1.5
1911,2,-5.2
1911,3,4
1911,4,9.6
1911,5,15.5
1911,6,17.4
1911,7,19.1
1911,8,18.8
1911,9,14
1911,10,9.4
1911,11,5.7
1911,12,0.4
1911,13,-1.9
1911,14,9.7
1911,15,18.4
1911,16,9.7
1911,17,8.99
1912,1,-7.5
1912,2,2.5
1912,3,7.3
1912,4,7.4
1912,5,13.5
1912,6,18.7
1912,7,19
1912,8,17.5
1912,9,12
1912,10,7.1
1912,11,2.5
1912,12,0
1912,13,-1.5
1912,14,9.4
1912,15,18.4
1912,16,7.2
1912,17,8.37
1913,1,-3.5
1913,2,-4.7
1913,3,6.3
1913,4,10.1
1913,5,13.9
1913,6,16.9
1913,7,16.9
1913,8,16.8
1913,9,14.7
1913,10,8.6
1913,11,3.8
1913,12,-0.5
1913,13,-2.7
1913,14,10.1
1913,15,16.9
1913,16,9
1913,17,8.32
1914,1,-7.6
1914,2,-4.5
1914,3,5.4
1914,4,10
1914,5,14.1
1914,6,16.9
1914,7,19.1
1914,8,18.3
1914,9,12.7
1914,10,7.3
1914,11,1.7
1914,12,0.4
1914,13,-4.2
1914,14,9.8
1914,15,18.1
1914,16,7.2
1914,17,7.74
1915,1,1.3
1915,2,1.2
1915,3,2.5
1915,4,8.8
1915,5,14.9
1915,6,19.6
1915,7,19.4
1915,8,16.5
1915,9,11.9
1915,10,9.6
1915,11,1.6
1915,12,3.4
1915,13,1
1915,14,8.7
1915,15,18.5
1915,16,7.7
1915,17,8.97
1916,1,0.2
1916,2,-1.4
1916,3,8.1
1916,4,9.5
1916,5,14
1916,6,18
1916,7,19.3
1916,8,17.3
1916,9,13.2
1916,10,9.7
1916,11,6.4
1916,12,3.5
1916,13,0.7
1916,14,10.5
1916,15,18.2
1916,16,9.8
1916,17,9.81
1917,1,-0.1
1917,2,-6.6
1917,3,3.8
1917,4,9.6
1917,5,14.5
1917,6,18.4
1917,7,19.3
1917,8,20.8
1917,9,15.1
1917,10,11.2
1917,11,5.4
1917,12,-3
1917,13,-1.1
1917,14,9.3
1917,15,19.5
1917,16,10.6
1917,17,9.57
1919,1,1.7
1919,2,-0.6
1919,3,6.2
1919,4,10.2
1919,5,9.8
1919,6,16.8
1919,7,18.3
1919,8,17.6
1919,9,16
1919,10,8.4
1919,11,3.7
1919,12,-0.2
1919,13,0.4
1919,14,8.7
1919,15,17.6
1919,16,9.4
1919,17,9.02
1920,1,0.1
1920,2,-5.7
1920,3,4.5
1920,4,13.5
1920,5,16
1920,6,16.5
1920,7,20.5
1920,8,18.7
1920,9,14.3
1920,10,5.2
1920,11,-1.9
1920,12,1.4
1920,13,-1.9
1920,14,11.3
1920,15,18.6
1920,16,5.9
1920,17,8.46
1921,1,1.3
1921,2,-2.3
1921,3,5
1921,4,9.1
1921,5,15.9
1921,6,16.1
1921,7,19.4
1921,8,20.4
1921,9,12.9
1921,10,8.1
1921,11,1.6
1921,12,-2.2
1921,13,0.1
1921,14,10
1921,15,18.6
1921,16,7.5
1921,17,9.07
1922,1,-4.8
1922,2,-2.5
1922,3,5.9
1922,4,9.3
1922,5,14.1
1922,6,16.7
1922,7,20.2
1922,8,19.4
1922,9,14
1922,10,8.8
1922,11,0.1
1922,12,-5.1
1922,13,-3.2
1922,14,9.8
1922,15,18.8
1922,16,7.6
1922,17,8.25
1923,1,-3.4
1923,2,-1
1923,3,5.2
1923,4,9.2
1923,5,16.9
1923,6,16.1
1923,7,18.5
1923,8,18.5
1923,9,15.8
1923,10,11.9
1923,11,8.8
1923,12,0.3
1923,13,-3.2
1923,14,10.4
1923,15,17.7
1923,16,12.2
1923,17,9.28
1924,1,-8.5
1924,2,-1
1924,3,3.9
1924,4,10.2
1924,5,18.1
1924,6,19.6
1924,7,19.7
1924,8,18.4
1924,9,16.9
1924,10,8.9
1924,11,0.1
1924,12,-2.2
1924,13,-3.1
1924,14,10.7
1924,15,19.2
1924,16,8.6
1924,17,8.88
1925,1,-2.9
1925,2,4.6
1925,3,4.9
1925,4,10.7
1925,5,15.6
1925,6,15.1
1925,7,19.6
1925,8,16.8
1925,9,14.1
1925,10,9.1
1925,11,6.7
1925,12,-3.3
1925,13,-0.2
1925,14,10.4
1925,15,17.2
1925,16,10
1925,17,9.34
1926,1,-1.1
1926,2,3.1
1926,3,3.3
1926,4,11.8
1926,5,14.3
1926,6,17.6
1926,7,19.6
1926,8,16.2
1926,9,14.7
1926,10,10.5
1926,11,10.6
1926,12,-0.9
1926,13,-0.4
1926,14,9.8
1926,15,17.8
1926,16,11.9
1926,17,9.77
1927,1,-0.4
1927,2,-3.5
1927,3,8.2
1927,4,10.6
1927,5,15
1927,6,20.1
1927,7,21
1927,8,20.7
1927,9,17.1
1927,10,10
1927,11,5.2
1927,12,-4.3
1927,13,-1.6
1927,14,11.3
1927,15,20.6
1927,16,10.8
1927,17,10.26
1928,1,-5.2
1928,2,-3.8
1928,3,1.5
1928,4,11.1
1928,5,12.7
1928,6,18
1928,7,22.8
1928,8,20.3
1928,9,16.6
1928,10,8.5
1928,11,6.3
1928,12,-2.8
1928,13,-4.4
1928,14,8.4
1928,15,20.4
1928,16,10.5
1928,17,8.71
1929,1,-6.8
1929,2,-6.9
1929,3,-0.1
1929,4,6.6
1929,5,17.2
1929,6,17.4
1929,7,19.1
1929,8,21.5
1929,9,13.4
1929,10,11
1929,11,6.5
1929,12,0.4
1929,13,-5.5
1929,14,7.9
1929,15,19.3
1929,16,10.3
1929,17,8.01
1930,1,-2.7
1930,2,-1.3
1930,3,6.1
1930,4,11.1
1930,5,14.4
1930,6,19.1
1930,7,20.8
1930,8,19.2
1930,9,16.8
1930,10,10.3
1930,11,5.9
1930,12,-0.2
1930,13,-1.2
1930,14,10.5
1930,15,19.7
1930,16,11
1930,17,10.01
1931,1,-1.3
1931,2,2
1931,3,2.1
1931,4,8.1
1931,5,17.5
1931,6,19.7
1931,7,21.9
1931,8,19.6
1931,9,11.8
1931,10,9.1
1931,11,3.3
1931,12,-2.8
1931,13,0.2
1931,14,9.2
1931,15,20.4
1931,16,8.1
1931,17,9.47
1932,1,-7.9
1932,2,-7.8
1932,3,-1.6
1932,4,9.4
1932,5,15.7
1932,6,16.5
1932,7,20.9
1932,8,19.3
1932,9,17.1
1932,10,12.7
1932,11,1.3
1932,12,-1.1
1932,13,-6.2
1932,14,7.8
1932,15,18.9
1932,16,10.4
1932,17,7.73
1933,1,-5.8
1933,2,-0.8
1933,3,3.5
1933,4,5.4
1933,5,13.2
1933,6,15.2
1933,7,18.9
1933,8,18
1933,9,12.9
1933,10,10.1
1933,11,4.8
1933,12,-5.4
1933,13,-2.6
1933,14,7.4
1933,15,17.4
1933,16,9.3
1933,17,7.86
1934,1,-4.8
1934,2,-4
1934,3,8.2
1934,4,14.2
1934,5,17.3
1934,6,18.1
1934,7,19.4
1934,8,19.4
1934,9,15.8
1934,10,9.3
1934,11,7.3
1934,12,3.4
1934,13,-4.7
1934,14,13.2
1934,15,19
1934,16,10.8
1934,17,9.57
1935,1,-4.3
1935,2,-3.1
1935,3,3.1
1935,4,9.4
1935,5,14.2
1935,6,19.6
1935,7,18.4
1935,8,19
1935,9,14.7
1935,10,13.6
1935,11,2.2
1935,12,0.7
1935,13,-1.3
1935,14,8.9
1935,15,19
1935,16,10.2
1935,17,9.18
1936,1,2.4
1936,2,1.3
1936,3,8.3
1936,4,10.7
1936,5,16.1
1936,6,17.2
1936,7,23.1
1936,8,17.6
1936,9,14.2
1936,10,7.6
1936,11,4
1936,12,-2.3
1936,13,1.5
1936,14,11.7
1936,15,19.3
1936,16,8.6
1936,17,10.27
1937,1,-4.9
1937,2,-0.5
1937,3,8.2
1937,4,8.4
1937,5,17.1
1937,6,20
1937,7,20
1937,8,18.2
1937,9,17.3
1937,10,9.4
1937,11,5.2
1937,12,1.5
1937,13,-2.6
1937,14,11.2
1937,15,19.4
1937,16,10.6
1937,17,9.67
1938,1,-4.2
1938,2,-1.6
1938,3,4.9
1938,4,7.5
1938,5,14.1
1938,6,19.9
1938,7,21.7
1938,8,20
1938,9,14.8
1938,10,11.3
1938,11,5
1938,12,-0.5
1938,13,-1.4
1938,14,8.8
1938,15,20.5
1938,16,10.4
1938,17,9.57
1939,1,0
1939,2,1.1
1939,3,1.7
1939,4,10.8
1939,5,14.6
1939,6,17.6
1939,7,19.9
1939,8,17.9
1939,9,14.2
1939,10,9.2
1939,11,3.1
1939,12,-1.6
1939,13,0.2
1939,14,9
1939,15,18.5
1939,16,8.8
1939,17,9.13
1940,1,-11.5
1940,2,-5.1
1940,3,1.4
1940,4,8.9
1940,5,12.1
1940,6,16.4
1940,7,20
1940,8,16.4
1940,9,15.4
1940,10,9.9
1940,11,5.5
1940,12,-6.6
1940,13,-6.1
1940,14,7.5
1940,15,17.6
1940,16,10.3
1940,17,7.32
1941,1,-2.6
1941,2,2.4
1941,3,3.6
1941,4,10.3
1941,5,12.7
1941,6,16.4
1941,7,18.5
1941,8,18.4
1941,9,11
1941,10,7.3
1941,11,-0.5
1941,12,-2.6
1941,13,-2.3
1941,14,8.9
1941,15,17.8
1941,16,5.9
1941,17,7.57
1942,1,-10.3
1942,2,-2.5
1942,3,1.8
1942,4,7.7
1942,5,14.8
1942,6,18.1
1942,7,19.6
1942,8,19.8
1942,9,17.2
1942,10,8.3
1942,11,1.3
1942,12,-2.1
1942,13,-5.1
1942,14,8.1
1942,15,19.2
1942,16,8.9
1942,17,7.77
1943,1,-7.6
1943,2,0.4
1943,3,3.2
1943,4,9.6
1943,5,11.9
1943,6,16.8
1943,7,19.2
1943,8,21.8
1943,9,16.7
1943,10,10.1
1943,11,4.6
1943,12,-0.2
1943,13,-3.1
1943,14,8.2
1943,15,19.3
1943,16,10.5
1943,17,8.72
1944,1,-3.5
1944,2,-1.8
1944,3,1.9
1944,4,9.1
1944,5,12.4
1944,6,18.5
1944,7,18.8
1944,8,19.7
1944,9,15.4
1944,10,11.2
1944,11,4.1
1944,12,-2.3
1944,13,-1.8
1944,14,7.8
1944,15,19
1944,16,10.2
1944,17,8.8
1945,1,-6.7
1945,2,-2.4
1945,3,2.6
1945,4,8.5
1945,5,16.8
1945,6,18.5
1945,7,20.2
1945,8,19.5
1945,9,15.3
1945,10,7.7
1945,11,2.2
1945,12,-3.3
1945,13,-3.8
1945,14,9.3
1945,15,19.4
1945,16,8.4
1945,17,8.32
1946,1,-7.5
1946,2,-2.4
1946,3,3.6
1946,4,11.9
1946,5,16.5
1946,6,20.1
1946,7,22.1
1946,8,23.2
1946,9,17.2
1946,10,5.7
1946,11,5.3
1946,12,-1
1946,13,-4.4
1946,14,10.7
1946,15,21.8
1946,16,9.4
1946,17,9.37
1947,1,-10.4
1947,2,-0.6
1947,3,8
1947,4,12.2
1947,5,16.8
1947,6,19.6
1947,7,21.1
1947,8,18.3
1947,9,15.1
1947,10,7.5
1947,11,4.7
1947,12,0
1947,13,-4
1947,14,12.3
1947,15,19.7
1947,16,9.1
1947,17,9.27
1948,1,3.4
1948,2,-1.1
1948,3,3.8
1948,4,12.3
1948,5,14.9
1948,6,16.2
1948,7,18
1948,8,18.9
1948,9,15
1948,10,10.2
1948,11,1.4
1948,12,-8.1
1948,13,0.8
1948,14,10.3
1948,15,17.7
1948,16,8.9
1948,17,9.42
1949,1,-0.9
1949,2,-3.2
1949,3,0.4
1949,4,10
1949,5,16.5
1949,6,14.5
1949,7,17.4
1949,8,17.7
1949,9,14.1
1949,10,9.3
1949,11,7.8
1949,12,-0.3
1949,13,-4.1
1949,14,9
1949,15,16.5
1949,16,10.4
1949,17,7.96
1950,1,-6.9
1950,2,-0.3
1950,3,4.5
1950,4,12.6
1950,5,15
1950,6,17.7
1950,7,21.4
1950,8,19.7
1950,9,16.2
1950,10,8.1
1950,11,4.2
1950,12,3.7
1950,13,-2.5
1950,14,10.7
1950,15,19.6
1950,16,9.5
1950,17,9.32
1951,1,0.5
1951,2,2.9
1951,3,7
1951,4,10.7
1951,5,14.7
1951,6,18.7
1951,7,19.2
1951,8,20.4
1951,9,17
1951,10,7
1951,11,5.9
1951,12,-2.8
1951,13,2.4
1951,14,10.8
1951,15,19.4
1951,16,10
1951,17,10.64
1952,1,-1.4
1952,2,-0.3
1952,3,0.8
1952,4,12.1
1952,5,12.8
1952,6,17.2
1952,7,20.7
1952,8,21.9
1952,9,16.1
1952,10,10.3
1952,11,5.1
1952,12,2.2
1952,13,-1.5
1952,14,8.6
1952,15,19.9
1952,16,10.5
1952,17,9.37
1953,1,-1.8
1953,2,-1.8
1953,3,2.5
1953,4,10.2
1953,5,13.4
1953,6,19.3
1953,7,21.4
1953,8,18.9
1953,9,16
1953,10,10.4
1953,11,0.5
1953,12,-2.5
1953,13,-0.5
1953,14,8.7
1953,15,19.9
1953,16,9
1953,17,9.27
1954,1,-8.5
1954,2,-7.1
1954,3,6.5
1954,4,7.1
1954,5,14.3
1954,6,19.3
1954,7,19.1
1954,8,19.5
1954,9,16.7
1954,10,9.3
1954,11,4.7
1954,12,1.7
1954,13,-6
1954,14,9.3
1954,15,19.3
1954,16,10.2
1954,17,8.2
1955,1,-0.2
1955,2,1.7
1955,3,3.3
1955,4,5.8
1955,5,14
1955,6,16.9
1955,7,18.8
1955,8,17.7
1955,9,14.9
1955,10,10.5
1955,11,3.5
1955,12,1.9
1955,13,1.1
1955,14,7.7
1955,15,17.8
1955,16,9.6
1955,17,9.05
1956,1,-1.6
1956,2,-7.2
1956,3,0
1956,4,10.2
1956,5,13.7
1956,6,17.5
1956,7,19.3
1956,8,20.6
1956,9,14.3
1956,10,8.7
1956,11,0.4
1956,12,-0.9
1956,13,-2.3
1956,14,8
1956,15,19.1
1956,16,7.8
1956,17,8.15
1957,1,-3.3
1957,2,3.2
1957,3,5.3
1957,4,9.9
1957,5,13.1
1957,6,19.4
1957,7,20
1957,8,19.2
1957,9,14.7
1957,10,8.8
1957,11,4.3
1957,12,-3.6
1957,13,-0.3
1957,14,9.4
1957,15,19.5
1957,16,9.3
1957,17,9.47
1958,1,-1.7
1958,2,2.6
1958,3,1
1958,4,6.8
1958,5,17.6
1958,6,17.2
1958,7,20.1
1958,8,19.9
1958,9,14.6
1958,10,9.5
1958,11,4.9
1958,12,1.5
1958,13,-0.9
1958,14,8.5
1958,15,19.1
1958,16,9.7
1958,17,9.07
1959,1,-3.9
1959,2,-5.4
1959,3,6.2
1959,4,9.8
1959,5,14.2
1959,6,16.9
1959,7,20.1
1959,8,18.2
1959,9,12.7
1959,10,7.8
1959,11,3.8
1959,12,3.8
1959,13,-2.6
1959,14,10.1
1959,15,18.4
1959,16,8.1
1959,17,8.49
1960,1,-2.8
1960,2,-1
1960,3,5.4
1960,4,9.6
1960,5,13.6
1960,6,17.2
1960,7,18
1960,8,18.5
1960,9,12.6
1960,10,11.9
1960,11,8.1
1960,12,5.4
1960,13,-0
1960,14,9.5
1960,15,17.9
1960,16,10.9
1960,17,9.57
1961,1,-5.1
1961,2,-0.2
1961,3,6.1
1961,4,12.4
1961,5,12.6
1961,6,19.1
1961,7,18.8
1961,8,18.6
1961,9,15.2
1961,10,11
1961,11,7
1961,12,-0.7
1961,13,0
1961,14,10.4
1961,15,18.8
1961,16,11.1
1961,17,10.07
1962,1,-2.6
1962,2,-1.9
1962,3,1.1
1962,4,11.2
1962,5,15.1
1962,6,16.8
1962,7,18.5
1962,8,20.6
1962,9,14.5
1962,10,9.6
1962,11,8
1962,12,-4
1962,13,-1.7
1962,14,9.1
1962,15,18.6
1962,16,10.7
1962,17,9.18
1963,1,-8.6
1963,2,-1.3
1963,3,1.5
1963,4,10.1
1963,5,15.2
1963,6,18.7
1963,7,20.8
1963,8,21.5
1963,9,16.8
1963,10,9.9
1963,11,7.4
1963,12,-2.6
1963,13,-4.6
1963,14,8.9
1963,15,20.3
1963,16,11.4
1963,17,9
1964,1,-8.6
1964,2,-3.9
1964,3,3
1964,4,10
1964,5,12.9
1964,6,20.3
1964,7,19
1964,8,17.6
1964,9,14.1
1964,10,11.2
1964,11,5.5
1964,12,0.8
1964,13,-5
1964,14,8.6
1964,15,19
1964,16,10.3
1964,17,8.21
1965,1,-1.8
1965,2,-7.2
1965,3,4.2
1965,4,7.6
1965,5,13.8
1965,6,18.2
1965,7,19.5
1965,8,17.3
1965,9,16.6
1965,10,8.5
1965,11,3.4
1965,12,1.5
1965,13,-2.7
1965,14,8.5
1965,15,18.3
1965,16,9.5
1965,17,8.41
1966,1,-5.9
1966,2,5.3
1966,3,4.4
1966,4,11.7
1966,5,14.4
1966,6,16.6
1966,7,19.4
1966,8,19.1
1966,9,14.4
1966,10,13.8
1966,11,5.6
1966,12,-0.2
1966,13,0.3
1966,14,10.2
1966,15,18.4
1966,16,11.3
1966,17,10.02
1967,1,-5.6
1967,2,-1.4
1967,3,5.2
1967,4,9.8
1967,5,15.2
1967,6,16.6
1967,7,20.2
1967,8,19.6
1967,9,16.1
1967,10,11.4
1967,11,4.9
1967,12,-1.2
1967,13,-2.4
1967,14,10.1
1967,15,18.8
1967,16,10.8
1967,17,9.32
1968,1,-3.9
1968,2,1.9
1968,3,4.1
1968,4,12.5
1968,5,17.2
1968,6,19.1
1968,7,18.6
1968,8,17.4
1968,9,14.8
1968,10,8.6
1968,11,7
1968,12,-2.3
1968,13,-1.1
1968,14,11.3
1968,15,18.4
1968,16,10.1
1968,17,9.67
1969,1,-7.4
1969,2,-0.3
1969,3,3
1969,4,8.4
1969,5,16.8
1969,6,16.8
1969,7,18.2
1969,8,18.3
1969,9,15.1
1969,10,8.9
1969,11,7.5
1969,12,0.9
1969,13,-3.3
1969,14,9.4
1969,15,17.8
1969,16,10.5
1969,17,8.58
1970,1,-0.8
1970,2,-0.6
1970,3,4.1
1970,4,10.2
1970,5,12.6
1970,6,17.5
1970,7,19.9
1970,8,18.6
1970,9,14.6
1970,10,8
1970,11,5.5
1970,12,0.5
1970,13,-0.2
1970,14,9
1970,15,18.7
1970,16,9.4
1970,17,9.21
1971,1,-0.3
1971,2,1.1
1971,3,3.4
1971,4,10.1
1971,5,16.4
1971,6,16.8
1971,7,18.9
1971,8,20
1971,9,13
1971,10,7.7
1971,11,4.5
1971,12,1.3
1971,13,0.4
1971,14,10
1971,15,18.6
1971,16,8.4
1971,17,9.34
1972,1,-1.8
1972,2,2.5
1972,3,5.8
1972,4,12
1972,5,14.9
1972,6,18.7
1972,7,19.9
1972,8,18.1
1972,9,12.6
1972,10,7.2
1972,11,4.4
1972,12,-1.8
1972,13,0.7
1972,14,10.9
1972,15,18.9
1972,16,8.1
1972,17,9.63
1973,1,-1.6
1973,2,1.8
1973,3,2.3
1973,4,10
1973,5,15.2
1973,6,17.6
1973,7,19.4
1973,8,18.6
1973,9,16.9
1973,10,9
1973,11,0.6
1973,12,-2.4
1973,13,-0.5
1973,14,9.2
1973,15,18.5
1973,16,8.8
1973,17,9
1974,1,-3.5
1974,2,3.7
1974,3,6.2
1974,4,7.8
1974,5,13
1974,6,16.4
1974,7,18.5
1974,8,19.5
1974,9,16
1974,10,9.3
1974,11,3.1
1974,12,0.8
1974,13,-0.7
1974,14,9
1974,15,18.1
1974,16,9.5
1974,17,8.97
1975,1,-0.1
1975,2,-2
1975,3,7.5
1975,4,10.2
1975,5,15.6
1975,6,17.9
1975,7,19.4
1975,8,18.2
1975,9,16
1975,10,9.4
1975,11,1.1
1975,12,-1.6
1975,13,-0.4
1975,14,11.1
1975,15,18.5
1975,16,8.8
1975,17,9.5
1976,1,-2.5
1976,2,-4
1976,3,2
1976,4,10.2
1976,5,14.3
1976,6,16.4
1976,7,19.5
1976,8,15.7
1976,9,14
1976,10,10.4
1976,11,5.6
1976,12,-0.4
1976,13,-2.7
1976,14,8.8
1976,15,17.2
1976,16,10
1976,17,8.33
1977,1,-0.6
1977,2,4.4
1977,3,7.3
1977,4,9.1
1977,5,15
1977,6,17.4
1977,7,19.3
1977,8,18.3
1977,9,13.1
1977,10,9.4
1977,11,5.5
1977,12,-3.8
1977,13,1.1
1977,14,10.5
1977,15,18.3
1977,16,9.3
1977,17,9.82
1978,1,-2.9
1978,2,0.4
1978,3,5.8
1978,4,9.1
1978,5,12.9
1978,6,17.1
1978,7,17.8
1978,8,17.6
1978,9,12.9
1978,10,8.8
1978,11,0.8
1978,12,0.7
1978,13,-2.1
1978,14,9.3
1978,15,17.5
1978,16,7.5
1978,17,8.04
1979,1,-3.4
1979,2,0.8
1979,3,6.4
1979,4,8.6
1979,5,15.1
1979,6,20.2
1979,7,17.1
1979,8,17.6
1979,9,15.5
1979,10,7.7
1979,11,6.8
1979,12,2.2
1979,13,-0.6
1979,14,10
1979,15,18.3
1979,16,10
1979,17,9.42
1980,1,-6.9
1980,2,-0.6
1980,3,4.1
1980,4,8
1980,5,13
1980,6,17.5
1980,7,18.6
1980,8,18
1980,9,13.6
1980,10,10.7
1980,11,4.3
1980,12,-1.3
1980,13,-1.8
1980,14,8.4
1980,15,18
1980,16,9.5
1980,17,8.54
1981,1,-4.4
1981,2,-2
1981,3,6.9
1981,4,8.3
1981,5,14
1981,6,19.6
1981,7,18.7
1981,8,17.9
1981,9,15.6
1981,10,11.4
1981,11,2.3
1981,12,0.6
1981,13,-2.6
1981,14,9.7
1981,15,18.7
1981,16,9.8
1981,17,8.92
1982,1,-6.2
1982,2,-5
1982,3,3
1982,4,7.3
1982,5,16.4
1982,6,18.3
1982,7,18.6
1982,8,19.5
1982,9,17.4
1982,10,10.4
1982,11,2.1
1982,12,3
1982,13,-3.5
1982,14,8.9
1982,15,18.8
1982,16,10
1982,17,8.53
1983,1,1.6
1983,2,-1.2
1983,3,6.4
1983,4,12.1
1983,5,16.8
1983,6,17.7
1983,7,20.4
1983,8,18.6
1983,9,15
1983,10,8.5
1983,11,1.4
1983,12,-1.7
1983,13,1.1
1983,14,11.8
1983,15,18.9
1983,16,8.3
1983,17,10.02
1984,1,-1.2
1984,2,-2.3
1984,3,2.7
1984,4,8.6
1984,5,15.4
1984,6,16.5
1984,7,17.9
1984,8,17.9
1984,9,16.2
1984,10,11.1
1984,11,4.2
1984,12,-2.2
1984,13,-1.7
1984,14,8.9
1984,15,17.4
1984,16,10.5
1984,17,8.77
1985,1,-7.4
1985,2,-7.8
1985,3,3.8
1985,4,10.5
1985,5,16.4
1985,6,15.9
1985,7,19.4
1985,8,19.4
1985,9,14.3
1985,10,7.4
1985,11,4.7
1985,12,1.5
1985,13,-5.8
1985,14,10.2
1985,15,18.2
1985,16,8.8
1985,17,7.87
1986,1,-0.9
1986,2,-1.9
1986,3,4.4
1986,4,12.4
1986,5,17
1986,6,17.4
1986,7,18.3
1986,8,20.5
1986,9,16
1986,10,8.1
1986,11,2.6
1986,12,-3.3
1986,13,-0.4
1986,14,11.3
1986,15,18.7
1986,16,8.9
1986,17,9.62
1987,1,-4
1987,2,-0.8
1987,3,-1.5
1987,4,8.9
1987,5,13.4
1987,6,18.7
1987,7,22.2
1987,8,17.9
1987,9,17.7
1987,10,8.4
1987,11,5.4
1987,12,0.3
1987,13,-2.7
1987,14,6.9
1987,15,19.6
1987,16,10.5
1987,17,8.58
1988,1,1.2
1988,2,1.3
1988,3,3.8
1988,4,8.3
1988,5,14.9
1988,6,17.4
1988,7,22.1
1988,8,20.3
1988,9,15.1
1988,10,7.7
1988,11,-1
1988,12,0.1
1988,13,0.9
1988,14,9
1988,15,19.9
1988,16,7.3
1988,17,9.28
1989,1,-2.3
1989,2,1.7
1989,3,6.6
1989,4,12.5
1989,5,13.3
1989,6,16.3
1989,7,19.6
1989,8,18.9
1989,9,14.1
1989,10,9.4
1989,11,2.8
1989,12,-1.7
1989,13,-0.2
1989,14,10.8
1989,15,18.3
1989,16,8.8
1989,17,9.42
1990,1,-4.2
1990,2,2.6
1990,3,7.8
1990,4,9.7
1990,5,14.6
1990,6,17.4
1990,7,19.4
1990,8,19.4
1990,9,12.8
1990,10,9.9
1990,11,5.5
1990,12,-0.6
1990,13,-1.1
1990,14,10.7
1990,15,18.7
1990,16,9.4
1990,17,9.43
1995,1,-3.5
1995,2,3.6
1995,3,5.1
1995,4,9.3
1995,5,14
1995,6,17.8
1995,7,21.7
1995,8,18.4
1995,9,13.5
1995,10,9.7
1995,11,-0.5
1995,12,-1.1
1995,13,0.5
1995,14,9.5
1995,15,19.3
1995,16,7.6
1995,17,9.21
1996,1,-2.2
1996,2,4.4
1996,3,-0.4
1996,4,9.7
1996,5,17
1996,6,19.8
1996,7,19
1996,8,19.2
1996,9,12.3
1996,10,9.9
1996,11,6.5
1996,12,-0.2
1996,13,0.4
1996,14,8.8
1996,15,19.3
1996,16,9.6
1996,17,9.51
1997,1,-0.7
1997,2,0.3
1997,3,2.6
1997,4,5.3
1997,5,15.7
1997,6,18.8
1997,7,18.6
1997,8,18
1997,9,12.9
1997,10,6.5
1997,11,4.4
1997,12,1.2
1997,13,-0.2
1997,14,7.9
1997,15,18.5
1997,16,7.9
1997,17,8.52
1998,1,-1
1998,2,1.8
1998,3,1.4
1998,4,11.6
1998,5,13.7
1998,6,18.8
1998,7,20.1
1998,8,19.3
1998,9,13.7
1998,10,10.7
1998,11,2.3
1998,12,-6.3
1998,13,0.7
1998,14,8.9
1998,15,19.4
1998,16,8.9
1998,17,9.47
1999,1,-1.3
1999,2,-1
1999,3,4.9
1999,4,10.5
1999,5,14.4
1999,6,19.4
1999,7,21.2
1999,8,19.5
1999,9,16.1
1999,10,9.7
1999,11,2.6
1999,12,-1.5
1999,13,-2.9
1999,14,9.9
1999,15,20
1999,16,9.5
1999,17,9.14
2000,1,-5.5
2000,2,0.4
2000,3,3.9
2000,4,12.7
2000,5,16.5
2000,6,19.7
2000,7,20.8
2000,8,21.2
2000,9,14.1
2000,10,10.1
2000,11,7.9
2000,12,1.2
2000,13,-2.2
2000,14,11
2000,15,20.6
2000,16,10.7
2000,17,10.02
2001,1,-0.3
2001,2,0.9
2001,3,8.2
2001,4,10.3
2001,5,16
2001,6,16.9
2001,7,20.7
2001,8,20.3
2001,9,14.2
2001,10,11.6
2001,11,2.1
2001,12,-7.4
2001,13,0.6
2001,14,11.5
2001,15,19.3
2001,16,9.3
2001,17,10.17
2002,1,-2.6
2002,2,4.1
2002,3,5.9
2002,4,9.5
2002,5,17.6
2002,6,19.6
2002,7,21.3
2002,8,18.8
2002,9,14.2
2002,10,10
2002,11,6.1
2002,12,-2.9
2002,13,-2
2002,14,11
2002,15,19.9
2002,16,10.1
2002,17,9.76
2003,1,-1.2
2003,2,-4.7
2003,3,2.7
2003,4,8.5
2003,5,18.9
2003,6,21.3
2003,7,20.2
2003,8,21.8
2003,9,14.1
2003,10,8
2003,11,5.9
2003,12,-1.9
2003,13,-2.9
2003,14,10
2003,15,21.1
2003,16,9.3
2003,17,9.38
2004,1,-4.9
2004,2,0.3
2004,3,5.3
2004,4,10.7
2004,5,13.8
2004,6,18.5
2004,7,20.3
2004,8,19.3
2004,9,14.2
2004,10,10.7
2004,11,4.9
2004,12,1
2004,13,-2.2
2004,14,9.9
2004,15,19.4
2004,16,9.9
2004,17,9.27
2005,1,-1.2
2005,2,-4.5
2005,3,1.3
2005,4,9.9
2005,5,15.8
2005,6,17.5
2005,7,19.4
2005,8,18.9
2005,9,15.4
2005,10,9
2005,11,3.4
2005,12,0.7
2005,13,-1.6
2005,14,9
2005,15,18.6
2005,16,9.3
2005,17,8.82
2006,1,-5.2
2006,2,-1.8
2006,3,3.6
2006,4,11.2
2006,5,14.5
2006,6,18
2006,7,20.8
2006,8,18.6
2006,9,15.1
2006,10,10.1
2006,11,4.4
2006,12,0.4
2006,13,-2.1
2006,14,9.8
2006,15,19.1
2006,16,9.9
2006,17,9.17
2007,1,2.7
2007,2,3.1
2007,3,6.9
2007,4,10.8
2007,5,17.4
2007,6,20.6
2007,7,22.4
2007,8,20
2007,9,13.7
2007,10,9.3
2007,11,2.6
2007,12,-2
2007,13,2.1
2007,14,11.7
2007,15,21
2007,16,8.5
2007,17,10.82
2008,1,-2
2008,2,1.6
2008,3,6.1
2008,4,10.6
2008,5,15.5
2008,6,20.1
2008,7,20.5
2008,8,21.5
2008,9,14.2
2008,10,11
2008,11,4.8
2008,12,2.3
2008,13,-0.8
2008,14,10.7
2008,15,20.7
2008,16,10
2008,17,10.16
2009,1,-2.5
2009,2,-0.3
2009,3,4.4
2009,4,12.8
2009,5,16.4
2009,6,19.2
2009,7,21.2
2009,8,20.1
2009,9,16.4
2009,10,10.4
2009,11,6.6
2009,12,1.9
2009,13,-0.2
2009,14,11.2
2009,15,20.2
2009,16,11.1
2009,17,10.58
2010,1,-2
2010,2,1.9
2010,3,4.5
2010,4,10.4
2010,5,15.5
2010,6,19.2
2010,7,21.1
2010,8,20.8
2010,9,14.7
2010,10,7.3
2010,11,8.2
2010,12,-1.4
2010,13,0.6
2010,14,10.1
2010,15,20.4
2010,16,10.1
2010,17,10.29
2011,1,-2.8
2011,2,-2.4
2011,3,4.8
2011,4,10.3
2011,5,15
2011,6,18.8
2011,7,20.5
2011,8,21.2
2011,9,18.4
2011,10,8.4
2011,11,-0.3
2011,12,0.7
2011,13,-2.2
2011,14,10
2011,15,20.2
2011,16,8.8
2011,17,9.21
2012,1,-2.4
2012,2,-5.6
2012,3,4.7
2012,4,11.7
2012,5,15.6
2012,6,21
2012,7,24.6
2012,8,22
2012,9,18.2
2012,10,11.1
2012,11,5.3
2012,12,-2.2
2012,13,-2.4
2012,14,10.7
2012,15,22.5
2012,16,11.5
2012,17,10.57
2013,1,-1.3
2013,2,2.8
2013,3,4.1
2013,4,11.6
2013,5,16.6
2013,6,18.7
2013,7,20.4
2013,8,21.1
2013,9,13.2
2013,10,9.9
2013,11,7.6
2013,12,-1.3
2013,13,-0.2
2013,14,10.8
2013,15,20.1
2013,16,10.2
2013,17,10.21
2014,1,1.2
2014,2,4.5
2014,3,7.7
2014,4,10.2
2014,5,14.3
2014,6,17.7
2014,7,19.7
2014,8,19.7
2014,9,16
2014,10,10.7
2014,11,5.8
2014,12,2.1
2014,13,1.5
2014,14,10.7
2014,15,19
2014,16,10.8
2014,17,10.52
