HAND,XCOORD,YCOORD
1,1.0035,0.46187
1,0.93228,0.39066
1,0.86911,0.32616
1,0.77503,0.22404
1,0.74949,0.17567
1,0.71589,0.12865
1,0.69035,0.12999
1,0.6675,0.14611
1,0.67019,0.2133
1,0.69573,0.2657
1,0.74277,0.35572
1,0.72798,0.42156
1,0.64465,0.44843
1,0.48336,0.41081
1,0.36508,0.37722
1,0.33148,0.37184
1,0.29116,0.37184
1,0.27099,0.38931
1,0.27099,0.41887
1,0.30863,0.44171
1,0.34492,0.45112
1,0.46185,0.49277
1,0.55997,0.55324
1,0.44707,0.57876
1,0.31401,0.60564
1,0.26965,0.61504
1,0.23202,0.62445
1,0.21723,0.66207
1,0.23336,0.68894
1,0.28309,0.6876
1,0.32745,0.67551
1,0.45917,0.6661
1,0.56804,0.66341
1,0.50352,0.72791
1,0.39331,0.79778
1,0.3597,0.81256
1,0.32745,0.8354
1,0.32745,0.87168
1,0.3503,0.8878
1,0.39062,0.87571
1,0.41884,0.85958
1,0.54788,0.79912
1,0.63927,0.76419
1,0.60164,0.82599
1,0.55325,0.87436
1,0.51427,0.90527
1,0.49142,0.93751
1,0.4968,0.9617
1,0.51696,0.96842
1,0.5546,0.95229
1,0.59895,0.92542
1,0.65272,0.87302
1,0.74008,0.81659
1,0.81938,0.79912
1,0.91212,0.783
1,0.99142,0.75612
2,1.0442,0.46495
2,0.9508,0.37552
2,0.87822,0.31159
2,0.74952,0.2317
2,0.70908,0.19196
2,0.65869,0.16339
2,0.63473,0.1688
2,0.61759,0.19958
2,0.63676,0.25741
2,0.68281,0.29859
2,0.77066,0.38516
2,0.738,0.41861
2,0.66328,0.43763
2,0.4976,0.40381
2,0.37969,0.37604
2,0.33056,0.36435
2,0.29255,0.36823
2,0.27125,0.38914
2,0.27523,0.41729
2,0.31583,0.43876
2,0.37195,0.45472
2,0.47291,0.49078
2,0.57369,0.54652
2,0.45522,0.58061
2,0.32137,0.60614
2,0.27345,0.61696
2,0.22684,0.63763
2,0.22094,0.66852
2,0.23337,0.69394
2,0.28261,0.69438
2,0.33896,0.68363
2,0.46991,0.66934
2,0.58249,0.66471
2,0.51029,0.7161
2,0.39302,0.77411
2,0.35773,0.78786
2,0.31391,0.81137
2,0.31218,0.84791
2,0.34012,0.86926
2,0.38105,0.85416
2,0.41915,0.84043
2,0.55459,0.79524
2,0.64631,0.76231
2,0.60646,0.81539
2,0.54837,0.86127
2,0.50454,0.8876
2,0.47185,0.92387
2,0.48009,0.94785
2,0.50391,0.9579
2,0.53777,0.94555
2,0.58583,0.91926
2,0.65378,0.87206
2,0.75271,0.81951
2,0.84143,0.80765
2,0.94707,0.79312
2,1.043,0.76445
3,1.0783,0.4545
3,0.97755,0.3645
3,0.88535,0.2953
3,0.74863,0.23882
3,0.68702,0.20401
3,0.64,0.1827
3,0.60735,0.19261
3,0.60096,0.22798
3,0.62255,0.2726
3,0.70016,0.32682
3,0.78222,0.38112
3,0.74784,0.41021
3,0.66922,0.43132
3,0.50105,0.40545
3,0.37419,0.38603
3,0.3255,0.37948
3,0.27665,0.38474
3,0.26308,0.40524
3,0.26418,0.43333
3,0.31114,0.45908
3,0.36427,0.4657
3,0.48354,0.49979
3,0.58645,0.54253
3,0.46185,0.57485
3,0.31815,0.59955
3,0.26626,0.61068
3,0.22171,0.62634
3,0.21238,0.66167
3,0.22828,0.68849
3,0.2815,0.68772
3,0.33336,0.67806
3,0.47541,0.66665
3,0.59372,0.66231
3,0.5177,0.71006
3,0.40472,0.7588
3,0.34684,0.77576
3,0.30069,0.80027
3,0.30028,0.8313
3,0.32212,0.8567
3,0.37251,0.84702
3,0.42596,0.82853
3,0.54762,0.79468
3,0.66331,0.76519
3,0.61243,0.8118
3,0.54983,0.85086
3,0.49777,0.87529
3,0.45888,0.91024
3,0.46595,0.93398
3,0.485,0.94604
3,0.52502,0.93771
3,0.58296,0.91632
3,0.65294,0.87735
3,0.77331,0.82872
3,0.87251,0.81673
3,0.97911,0.80337
3,1.0786,0.76776
4,1.1204,0.43764
4,1.003,0.34211
4,0.90638,0.28432
4,0.73568,0.24908
4,0.66925,0.22582
4,0.60291,0.21834
4,0.58247,0.23109
4,0.57797,0.26898
4,0.62565,0.32234
4,0.69212,0.35033
4,0.79648,0.38125
4,0.74772,0.40995
4,0.68623,0.42138
4,0.50149,0.4083
4,0.36725,0.39809
4,0.30883,0.39372
4,0.26155,0.40504
4,0.24117,0.42884
4,0.2524,0.45876
4,0.30304,0.48054
4,0.3662,0.48488
4,0.48632,0.50781
4,0.60489,0.54022
4,0.46776,0.57104
4,0.31324,0.59724
4,0.25649,0.61021
4,0.21238,0.62468
4,0.20158,0.66419
4,0.21912,0.69407
4,0.27434,0.69057
4,0.33111,0.68075
4,0.48417,0.6735
4,0.62461,0.66633
4,0.52528,0.68587
4,0.40082,0.72293
4,0.33931,0.73119
4,0.29049,0.75043
4,0.2844,0.78518
4,0.30195,0.81663
4,0.35717,0.81156
4,0.41393,0.80174
4,0.55269,0.7788
4,0.68363,0.76695
4,0.62705,0.80833
4,0.55152,0.84508
4,0.49641,0.86593
4,0.45708,0.88984
4,0.4557,0.9214
4,0.47633,0.93863
4,0.52367,0.93519
4,0.58196,0.91748
4,0.66539,0.88225
4,0.79775,0.84356
4,0.89713,0.83506
4,0.99804,0.81551
4,1.124,0.77371
5,1.1234,0.43361
5,1.0072,0.34335
5,0.90081,0.28453
5,0.73947,0.25313
5,0.67132,0.22862
5,0.60651,0.21826
5,0.5814,0.23273
5,0.5787,0.27537
5,0.62021,0.3191
5,0.68525,0.34838
5,0.79447,0.37719
5,0.7443,0.40929
5,0.68448,0.42413
5,0.50277,0.40715
5,0.37323,0.39593
5,0.31005,0.39345
5,0.26281,0.40342
5,0.24575,0.43043
5,0.25396,0.46032
5,0.30149,0.47716
5,0.36784,0.48277
5,0.48019,0.50838
5,0.60365,0.54019
5,0.46978,0.56846
5,0.3217,0.59529
5,0.26027,0.607
5,0.21624,0.62326
5,0.20247,0.66285
5,0.21855,0.69107
5,0.27854,0.69201
5,0.33522,0.67878
5,0.47722,0.67252
5,0.6176,0.66312
5,0.52788,0.68617
5,0.37993,0.72563
5,0.34373,0.73549
5,0.29497,0.75179
5,0.28748,0.78974
5,0.30987,0.81632
5,0.35878,0.81422
5,0.39812,0.80275
5,0.55255,0.779
5,0.6818,0.76184
5,0.6318,0.8097
5,0.53596,0.85019
5,0.50296,0.86475
5,0.46065,0.8936
5,0.46098,0.92357
5,0.4785,0.93917
5,0.52265,0.93396
5,0.55884,0.92411
5,0.66731,0.88349
5,0.79789,0.84263
5,0.89879,0.83051
5,1.0107,0.81195
5,1.127,0.77282
6,1.1414,0.41333
6,1.0345,0.33418
6,0.90809,0.28987
6,0.7364,0.28115
6,0.65212,0.2716
6,0.58682,0.26665
6,0.55987,0.28286
6,0.55573,0.31725
6,0.62266,0.37872
6,0.71057,0.39502
6,0.78418,0.39117
6,0.84534,0.37224
6,0.70798,0.42422
6,0.49477,0.46128
6,0.36004,0.48576
6,0.29197,0.50316
6,0.24612,0.5182
6,0.23008,0.55637
6,0.24131,0.58861
6,0.30812,0.58667
6,0.37628,0.5727
6,0.50794,0.5603
6,0.65177,0.55439
6,0.47897,0.56628
6,0.31673,0.58813
6,0.2467,0.59703
6,0.2007,0.60693
6,0.18326,0.65543
6,0.20299,0.68569
6,0.25277,0.68768
6,0.32456,0.68045
6,0.48043,0.67592
6,0.65701,0.67592
6,0.53882,0.67936
6,0.383,0.68561
6,0.33161,0.68711
6,0.27342,0.69051
6,0.26067,0.72344
6,0.27355,0.75391
6,0.33556,0.76411
6,0.3921,0.76246
6,0.53628,0.76855
6,0.66979,0.76124
6,0.63396,0.76742
6,0.54852,0.77677
6,0.49184,0.77327
6,0.44882,0.76766
6,0.42715,0.78887
6,0.43837,0.82111
6,0.48336,0.83522
6,0.54356,0.84204
6,0.64316,0.8477
6,0.80819,0.86347
6,0.94881,0.86452
6,1.0916,0.82438
6,1.2255,0.77079
7,1.119,0.43471
7,0.99525,0.33451
7,0.90369,0.28758
7,0.74514,0.23933
7,0.6647,0.22827
7,0.60237,0.21845
7,0.57349,0.23369
7,0.56901,0.2709
7,0.6143,0.31525
7,0.69659,0.34042
7,0.79223,0.3854
7,0.75524,0.40458
7,0.68248,0.42482
7,0.49723,0.41954
7,0.37344,0.41199
7,0.30701,0.40916
7,0.26059,0.41665
7,0.24106,0.44864
7,0.24985,0.4719
7,0.30297,0.4937
7,0.36234,0.49744
7,0.47842,0.51749
7,0.60498,0.54621
7,0.48037,0.56534
7,0.31802,0.58148
7,0.26506,0.58838
7,0.2176,0.59888
7,0.20345,0.64451
7,0.21676,0.66934
7,0.27607,0.67813
7,0.32858,0.66769
7,0.48974,0.66463
7,0.61615,0.66466
7,0.53124,0.69081
7,0.38074,0.72622
7,0.3404,0.73077
7,0.29543,0.74381
7,0.28841,0.78349
7,0.30922,0.81094
7,0.35401,0.81299
7,0.40044,0.80551
7,0.55531,0.78172
7,0.6834,0.76718
7,0.62839,0.81887
7,0.55348,0.85017
7,0.49896,0.86158
7,0.4542,0.89829
7,0.45593,0.92248
7,0.47086,0.93776
7,0.5212,0.93838
7,0.57932,0.92147
7,0.66736,0.8863
7,0.80628,0.85024
7,0.90813,0.83839
7,1.0197,0.81308
7,1.1203,0.78056
8,1.0865,0.42514
8,0.99177,0.3465
8,0.89065,0.29542
8,0.75033,0.24297
8,0.67947,0.21587
8,0.61549,0.19744
8,0.58938,0.20543
8,0.58095,0.23749
8,0.61986,0.29552
8,0.69705,0.33594
8,0.78713,0.38729
8,0.73794,0.41779
8,0.67447,0.43562
8,0.49786,0.42459
8,0.36665,0.41567
8,0.31347,0.41265
8,0.27027,0.41867
8,0.2463,0.44893
8,0.25531,0.47988
8,0.30568,0.49359
8,0.35867,0.49816
8,0.48532,0.51913
8,0.60588,0.55198
8,0.47318,0.56965
8,0.31663,0.58928
8,0.26583,0.59283
8,0.21689,0.60762
8,0.2048,0.64398
8,0.22331,0.67446
8,0.27804,0.67765
8,0.33265,0.66825
8,0.48083,0.66654
8,0.61897,0.66996
8,0.52528,0.69058
8,0.38043,0.71785
8,0.34381,0.72148
8,0.28984,0.73882
8,0.28397,0.77592
8,0.30164,0.8
8,0.35362,0.79972
8,0.3982,0.79545
8,0.5468,0.77648
8,0.68237,0.77488
8,0.62894,0.82849
8,0.54969,0.86022
8,0.50212,0.87674
8,0.46262,0.90521
8,0.46385,0.93525
8,0.48535,0.95348
8,0.52874,0.94591
8,0.58132,0.92684
8,0.66679,0.89582
8,0.78875,0.84859
8,0.89535,0.83891
8,1.0212,0.81258
8,1.1276,0.76354
9,1.0514,0.43257
9,0.96374,0.36014
9,0.87773,0.30718
9,0.72732,0.25943
9,0.66565,0.23916
9,0.61001,0.2233
9,0.58016,0.23413
9,0.57456,0.26865
9,0.61256,0.31617
9,0.68791,0.35277
9,0.76626,0.38934
9,0.7276,0.41674
9,0.67678,0.4293
9,0.50558,0.39827
9,0.38998,0.38009
9,0.32542,0.37034
9,0.2805,0.37385
9,0.26129,0.39803
9,0.26762,0.42793
9,0.31733,0.44983
9,0.38042,0.4626
9,0.48269,0.49441
9,0.59105,0.53514
9,0.47262,0.53199
9,0.32287,0.54266
9,0.26592,0.5418
9,0.22102,0.54831
9,0.20493,0.58294
9,0.21576,0.61278
9,0.27134,0.62414
9,0.32675,0.62053
9,0.47379,0.63535
9,0.5895,0.66251
9,0.51826,0.72473
9,0.39764,0.79351
9,0.36184,0.80889
9,0.31125,0.84093
9,0.31613,0.87533
9,0.33881,0.89306
9,0.38961,0.87899
9,0.42237,0.86065
9,0.56564,0.80659
9,0.66862,0.76798
9,0.62419,0.81493
9,0.54835,0.86822
9,0.50815,0.89115
9,0.47555,0.92448
9,0.48186,0.95287
9,0.49993,0.96015
9,0.53725,0.94775
9,0.58651,0.92921
9,0.66838,0.88035
9,0.76672,0.8298
9,0.87149,0.81664
9,0.98219,0.79891
9,1.0971,0.75716
10,1.0032,0.44176
10,0.94274,0.37653
10,0.88932,0.32085
10,0.79798,0.22579
10,0.75151,0.17275
10,0.72179,0.12908
10,0.68875,0.13517
10,0.67275,0.16855
10,0.68456,0.2139
10,0.72148,0.274
10,0.7658,0.36434
10,0.73621,0.41039
10,0.65651,0.43245
10,0.48227,0.41608
10,0.37035,0.41107
10,0.32469,0.40494
10,0.28199,0.41118
10,0.26302,0.43221
10,0.26903,0.4611
10,0.31079,0.48109
10,0.36745,0.48427
10,0.46998,0.50599
10,0.57,0.54156
10,0.45626,0.5918
10,0.32599,0.64507
10,0.28211,0.66238
10,0.23843,0.6921
10,0.23895,0.72245
10,0.2545,0.74427
10,0.30816,0.73371
10,0.35334,0.71086
10,0.47978,0.67697
10,0.58026,0.65871
10,0.50229,0.70143
10,0.38871,0.76132
10,0.34889,0.77441
10,0.30517,0.80138
10,0.31112,0.82613
10,0.32531,0.84935
10,0.37069,0.83891
10,0.41325,0.8244
10,0.53399,0.77957
10,0.63842,0.75019
10,0.58272,0.80358
10,0.52547,0.84733
10,0.48984,0.86312
10,0.45725,0.89542
10,0.46043,0.92021
10,0.4772,0.93235
10,0.51298,0.92484
10,0.55953,0.90197
10,0.63606,0.85513
10,0.73328,0.80794
10,0.83399,0.80347
10,0.93166,0.78249
10,1.0277,0.74636
11,0.98671,0.45979
11,0.90653,0.39145
11,0.85231,0.33051
11,0.78082,0.2377
11,0.74819,0.18665
11,0.72201,0.143
11,0.69279,0.14233
11,0.674,0.17165
11,0.68296,0.22243
11,0.70916,0.28558
11,0.73497,0.35427
11,0.71165,0.42784
11,0.64066,0.44651
11,0.48068,0.40318
11,0.38499,0.37693
11,0.32724,0.36588
11,0.29773,0.36938
11,0.2813,0.38493
11,0.28627,0.41314
11,0.31422,0.43183
11,0.37029,0.44693
11,0.4557,0.48082
11,0.55687,0.54786
11,0.44073,0.594
11,0.32746,0.61943
11,0.27646,0.63115
11,0.24142,0.65376
11,0.23927,0.68425
11,0.24929,0.70029
11,0.29802,0.70094
11,0.34762,0.68911
11,0.46199,0.66793
11,0.57013,0.65606
11,0.49056,0.71732
11,0.39474,0.77185
11,0.35434,0.79129
11,0.31763,0.81794
11,0.32408,0.84487
11,0.34519,0.86168
11,0.38194,0.85453
11,0.42984,0.82726
11,0.52636,0.78253
11,0.61785,0.74998
11,0.60068,0.83513
11,0.55498,0.89042
11,0.52183,0.9257
11,0.50978,0.95827
11,0.5198,0.9743
11,0.5404,0.97855
11,0.56534,0.96081
11,0.60393,0.92731
11,0.65281,0.86668
11,0.72603,0.79662
11,0.79219,0.78736
11,0.86734,0.76898
11,0.93782,0.73774
12,1.0241,0.43878
12,0.94774,0.36942
12,0.88931,0.31852
12,0.76769,0.23183
12,0.7152,0.19012
12,0.67629,0.15317
12,0.65046,0.15582
12,0.63639,0.18443
12,0.65523,0.24537
12,0.69998,0.29758
12,0.76276,0.36218
12,0.75131,0.41965
12,0.66597,0.44571
12,0.48293,0.40969
12,0.37551,0.38992
12,0.32555,0.38314
12,0.28147,0.38856
12,0.26749,0.41111
12,0.27465,0.44003
12,0.31079,0.45875
12,0.36831,0.46717
12,0.4604,0.49883
12,0.57935,0.56123
12,0.45453,0.58974
12,0.32222,0.61209
12,0.27052,0.62044
12,0.23532,0.64116
12,0.23333,0.67449
12,0.24364,0.69587
12,0.28762,0.69651
12,0.33629,0.68812
12,0.47147,0.67644
12,0.59448,0.6676
12,0.50578,0.71636
12,0.40208,0.75429
12,0.35178,0.77024
12,0.30586,0.79838
12,0.30696,0.82721
12,0.32791,0.84724
12,0.37347,0.84335
12,0.42227,0.82586
12,0.53805,0.79266
12,0.65376,0.76401
12,0.59969,0.83146
12,0.54151,0.86853
12,0.49411,0.89363
12,0.46637,0.92356
12,0.47514,0.94643
12,0.49321,0.9558
12,0.52216,0.94711
12,0.57404,0.92663
12,0.6444,0.88671
12,0.76526,0.81718
12,0.85495,0.80484
12,0.94782,0.78192
12,1.041,0.73778
13,1.0778,0.42408
13,0.976,0.34916
13,0.89875,0.29967
13,0.74797,0.24374
13,0.6784,0.21549
13,0.62732,0.19135
13,0.59785,0.20109
13,0.5924,0.2263
13,0.62318,0.27803
13,0.71096,0.33867
13,0.79186,0.39464
13,0.75347,0.42642
13,0.68946,0.44448
13,0.48811,0.4093
13,0.37079,0.39168
13,0.31411,0.38941
13,0.26637,0.40003
13,0.24916,0.42249
13,0.25534,0.44713
13,0.30808,0.4712
13,0.36009,0.48034
13,0.46121,0.50706
13,0.60187,0.56015
13,0.46655,0.5833
13,0.32744,0.59667
13,0.26959,0.60445
13,0.21901,0.62519
13,0.21389,0.65704
13,0.22679,0.68303
13,0.28189,0.68702
13,0.33833,0.68429
13,0.47278,0.6778
13,0.61933,0.68071
13,0.51446,0.71405
13,0.40777,0.74415
13,0.34335,0.7539
13,0.29776,0.7744
13,0.29437,0.80783
13,0.31392,0.83349
13,0.36222,0.83449
13,0.42307,0.81992
13,0.54186,0.79921
13,0.68579,0.78228
13,0.61768,0.81883
13,0.54426,0.84899
13,0.48665,0.86175
13,0.45441,0.88327
13,0.45229,0.90831
13,0.46297,0.92277
13,0.50969,0.92551
13,0.56248,0.9163
13,0.65597,0.88851
13,0.79863,0.84503
13,0.89765,0.82862
13,1.0158,0.79463
13,1.1067,0.74701
14,1.1358,0.41549
14,1.0028,0.33657
14,0.90661,0.29864
14,0.73861,0.26472
14,0.64771,0.2492
14,0.59537,0.23233
14,0.56708,0.25218
14,0.56654,0.28913
14,0.61966,0.33758
14,0.71212,0.37231
14,0.79313,0.39565
14,0.74618,0.42404
14,0.67876,0.43827
14,0.48876,0.41492
14,0.36803,0.40004
14,0.29089,0.40274
14,0.2482,0.41849
14,0.2362,0.44406
14,0.24312,0.46459
14,0.29603,0.48845
14,0.3615,0.49371
14,0.47248,0.51816
14,0.61148,0.5632
14,0.47509,0.57243
14,0.32635,0.5809
14,0.26346,0.58597
14,0.21771,0.60723
14,0.20627,0.6398
14,0.21404,0.6708
14,0.26902,0.67691
14,0.33395,0.6752
14,0.47278,0.67455
14,0.63328,0.68094
14,0.53135,0.70322
14,0.40482,0.72573
14,0.34179,0.72904
14,0.2959,0.74857
14,0.28446,0.78112
14,0.30111,0.81317
14,0.3561,0.81928
14,0.41843,0.80723
14,0.54754,0.79506
14,0.6979,0.78471
14,0.6242,0.80821
14,0.5521,0.82985
14,0.48733,0.8333
14,0.45045,0.85561
14,0.4453,0.87888
14,0.45425,0.90276
14,0.49891,0.91147
14,0.56368,0.908
14,0.65876,0.88803
14,0.81805,0.85762
14,0.93598,0.83757
14,1.0458,0.80412
14,1.1727,0.74291
15,1.1513,0.42101
15,1.0409,0.34701
15,0.91005,0.29223
15,0.74283,0.25941
15,0.65116,0.25785
15,0.59303,0.24707
15,0.57033,0.25743
15,0.56906,0.2952
15,0.61496,0.34085
15,0.71922,0.37214
15,0.80283,0.38856
15,0.77005,0.41031
15,0.70832,0.42846
15,0.47208,0.44116
15,0.34698,0.45065
15,0.28301,0.46175
15,0.23603,0.48618
15,0.22873,0.51355
15,0.23687,0.5292
15,0.28659,0.54948
15,0.35279,0.54542
15,0.46425,0.54756
15,0.63606,0.56752
15,0.47596,0.56299
15,0.33085,0.5683
15,0.26108,0.57259
15,0.21524,0.58618
15,0.19976,0.62662
15,0.21214,0.65278
15,0.26837,0.6619
15,0.33286,0.65973
15,0.47675,0.66346
15,0.64443,0.67471
15,0.53217,0.68878
15,0.39867,0.70774
15,0.33594,0.7098
15,0.28651,0.7236
15,0.27451,0.76204
15,0.2908,0.79334
15,0.3468,0.79888
15,0.40941,0.79504
15,0.54536,0.78669
15,0.69217,0.77948
15,0.6301,0.79226
15,0.54835,0.80625
15,0.48217,0.81032
15,0.44527,0.82335
15,0.43617,0.85084
15,0.44655,0.87354
15,0.49025,0.88342
15,0.55487,0.88304
15,0.64967,0.87722
15,0.83003,0.86077
15,0.95638,0.84224
15,1.0599,0.80357
15,1.1789,0.75318
16,1.1784,0.41361
16,1.0441,0.32812
16,0.9296,0.2848
16,0.75096,0.27479
16,0.65813,0.27732
16,0.59667,0.27155
16,0.56926,0.28902
16,0.57394,0.32417
16,0.63461,0.36897
16,0.72062,0.38891
16,0.82062,0.3769
16,0.75615,0.39723
16,0.70843,0.41896
16,0.47335,0.45135
16,0.346,0.48267
16,0.27587,0.49943
16,0.23768,0.53019
16,0.229,0.55271
16,0.24084,0.57839
16,0.29107,0.58074
16,0.36338,0.57506
16,0.47447,0.5609
16,0.66028,0.56142
16,0.47282,0.56838
16,0.31913,0.58741
16,0.24868,0.59303
16,0.19544,0.61678
16,0.19073,0.64848
16,0.21005,0.67581
16,0.26043,0.68373
16,0.33258,0.67248
16,0.47183,0.66869
16,0.67068,0.67072
16,0.53144,0.67451
16,0.39973,0.68181
16,0.33109,0.68552
16,0.27925,0.6925
16,0.26169,0.73012
16,0.28126,0.76675
16,0.34269,0.77065
16,0.40395,0.76898
16,0.54505,0.76515
16,0.69373,0.76668
16,0.61952,0.77055
16,0.54907,0.77618
16,0.48027,0.77433
16,0.43581,0.77926
16,0.42539,0.80554
16,0.43361,0.83504
16,0.47296,0.84696
16,0.54747,0.85423
16,0.6533,0.85135
16,0.82791,0.85033
16,0.93925,0.84543
16,1.0704,0.81773
16,1.1953,0.76234
17,1.0265,0.45534
17,0.92898,0.37385
17,0.87769,0.32809
17,0.77031,0.22945
17,0.72664,0.18768
17,0.68884,0.14557
17,0.65976,0.15313
17,0.64852,0.18915
17,0.66598,0.23683
17,0.70607,0.29356
17,0.75625,0.37184
17,0.74559,0.41816
17,0.66596,0.4448
17,0.4682,0.41765
17,0.36833,0.39971
17,0.31522,0.39978
17,0.27732,0.40782
17,0.26255,0.43373
17,0.27255,0.45381
17,0.31203,0.4737
17,0.36253,0.47968
17,0.45538,0.50392
17,0.57489,0.55615
17,0.45521,0.57915
17,0.32508,0.59979
17,0.26953,0.60885
17,0.23384,0.63003
17,0.2279,0.65544
17,0.23953,0.67838
17,0.28701,0.68307
17,0.34109,0.67411
17,0.47017,0.66089
17,0.58841,0.66452
17,0.49637,0.70661
17,0.3995,0.74159
17,0.34698,0.75194
17,0.29953,0.77381
17,0.30144,0.80762
17,0.32026,0.8272
17,0.36715,0.82159
17,0.41935,0.80536
17,0.53281,0.77681
17,0.63933,0.75603
17,0.59719,0.84543
17,0.55531,0.88762
17,0.50862,0.92271
17,0.49175,0.96349
17,0.49985,0.9763
17,0.51489,0.98136
17,0.54527,0.97079
17,0.59508,0.93846
17,0.65443,0.89233
17,0.76179,0.80808
17,0.84373,0.79607
17,0.9339,0.77325
17,1.0275,0.73256
18,1.096,0.43042
18,0.96368,0.34317
18,0.89175,0.30023
18,0.73729,0.25067
18,0.65806,0.24364
18,0.60267,0.22704
18,0.57819,0.24502
18,0.57441,0.26882
18,0.62084,0.32152
18,0.70676,0.35608
18,0.78427,0.38999
18,0.74229,0.4151
18,0.68742,0.43012
18,0.48277,0.40667
18,0.37153,0.39687
18,0.30931,0.39276
18,0.26554,0.40309
18,0.25211,0.42973
18,0.25656,0.45253
18,0.30267,0.47526
18,0.36508,0.48101
18,0.4617,0.50759
18,0.60057,0.55239
18,0.47324,0.5612
18,0.32597,0.57078
18,0.26333,0.57674
18,0.22096,0.59857
18,0.21225,0.62297
18,0.22242,0.65173
18,0.27805,0.65664
18,0.34005,0.65909
18,0.4766,0.65748
18,0.62173,0.6715
18,0.5192,0.69231
18,0.398,0.7104
18,0.33574,0.71963
18,0.29133,0.73837
18,0.28303,0.76606
18,0.30386,0.8002
18,0.35006,0.79624
18,0.41435,0.79008
18,0.53801,0.77838
18,0.67375,0.7702
18,0.61478,0.84739
18,0.55901,0.88251
18,0.50245,0.91107
18,0.47482,0.94445
18,0.47907,0.96559
18,0.49566,0.97859
18,0.52997,0.97274
18,0.59391,0.94996
18,0.67043,0.90731
18,0.80864,0.83714
18,0.9159,0.81409
18,1.0111,0.78752
18,1.1168,0.73798
19,1.0224,0.4395
19,0.93583,0.36386
19,0.86868,0.31909
19,0.74727,0.23996
19,0.69395,0.20851
19,0.64712,0.167
19,0.62454,0.18215
19,0.6138,0.21446
19,0.64046,0.27358
19,0.69254,0.3215
19,0.76091,0.38035
19,0.74709,0.42329
19,0.66023,0.45384
19,0.47705,0.41345
19,0.37599,0.39383
19,0.32373,0.38617
19,0.28284,0.39422
19,0.26696,0.4153
19,0.27186,0.44108
19,0.30209,0.46049
19,0.36352,0.4717
19,0.45811,0.50141
19,0.58175,0.56214
19,0.46227,0.57083
19,0.32878,0.57588
19,0.27782,0.57746
19,0.23585,0.59229
19,0.22127,0.62259
19,0.23864,0.65731
19,0.28367,0.66243
19,0.33471,0.656
19,0.47381,0.66366
19,0.59781,0.67445
19,0.50657,0.70639
19,0.39552,0.7317
19,0.34248,0.74198
19,0.29804,0.75918
19,0.29116,0.7935
19,0.31253,0.82053
19,0.36011,0.81842
19,0.41471,0.80283
19,0.53289,0.78491
19,0.65685,0.77
19,0.6162,0.85032
19,0.56295,0.90084
19,0.51196,0.93297
19,0.49136,0.97482
19,0.50275,0.99053
19,0.51621,0.99754
19,0.54794,0.98595
19,0.60333,0.95243
19,0.66865,0.90454
19,0.78635,0.82889
19,0.8789,0.80619
19,0.96769,0.77662
19,1.0475,0.73381
20,1.0375,0.45079
20,0.94568,0.36429
20,0.88787,0.31558
20,0.76208,0.2312
20,0.71124,0.1922
20,0.66463,0.1581
20,0.64259,0.16569
20,0.63403,0.19881
20,0.65237,0.24157
20,0.69928,0.29256
20,0.76773,0.36353
20,0.74822,0.42039
20,0.66838,0.44216
20,0.47814,0.42055
20,0.36685,0.41086
20,0.3071,0.40955
20,0.26935,0.42213
20,0.25862,0.44282
20,0.26033,0.46135
20,0.30185,0.48126
20,0.36245,0.49184
20,0.45595,0.51403
20,0.58606,0.56037
20,0.45629,0.57234
20,0.3299,0.57996
20,0.27417,0.58662
20,0.22802,0.60931
20,0.22307,0.63502
20,0.23534,0.65587
20,0.2869,0.66425
20,0.34241,0.66064
20,0.46693,0.65749
20,0.60017,0.66112
20,0.50467,0.7078
20,0.39798,0.73988
20,0.34192,0.7511
20,0.30045,0.77261
20,0.30127,0.80336
20,0.32096,0.8278
20,0.36731,0.82353
20,0.41912,0.80738
20,0.53453,0.78208
20,0.65243,0.76465
20,0.60976,0.84436
20,0.55768,0.88502
20,0.51259,0.91393
20,0.48679,0.95193
20,0.4958,0.9756
20,0.51084,0.97977
20,0.54062,0.97121
20,0.59639,0.94309
20,0.65949,0.89862
20,0.77422,0.81959
20,0.85624,0.81026
20,0.94852,0.78633
20,1.0248,0.75051
21,0.98008,0.48574
21,0.9029,0.41109
21,0.83221,0.32756
21,0.78387,0.22744
21,0.76223,0.18092
21,0.75577,0.13075
21,0.73003,0.12556
21,0.70204,0.14826
21,0.69155,0.20763
21,0.70658,0.25385
21,0.73192,0.34966
21,0.71029,0.41337
21,0.61988,0.44837
21,0.47232,0.42792
21,0.37309,0.41442
21,0.33087,0.41309
21,0.29449,0.42397
21,0.27528,0.44401
21,0.28714,0.46973
21,0.33262,0.48369
21,0.36526,0.48257
21,0.46095,0.50711
21,0.54414,0.54408
21,0.44168,0.56915
21,0.32158,0.59038
21,0.28657,0.59317
21,0.24901,0.61343
21,0.2374,0.64016
21,0.24975,0.66055
21,0.30113,0.66178
21,0.33772,0.65218
21,0.4461,0.64851
21,0.55765,0.64829
21,0.48454,0.71866
21,0.38557,0.77467
21,0.35314,0.79413
21,0.31846,0.82444
21,0.32223,0.84879
21,0.34088,0.85902
21,0.38455,0.84439
21,0.42319,0.82265
21,0.52247,0.77709
21,0.61672,0.74149
21,0.59304,0.8344
21,0.55947,0.89734
21,0.53495,0.93394
21,0.52138,0.98197
21,0.53254,0.99468
21,0.5573,0.99346
21,0.58706,0.96524
21,0.61098,0.92479
21,0.65027,0.8649
21,0.72111,0.78832
21,0.77997,0.77001
21,0.84091,0.75663
21,0.91111,0.73526
22,1.1061,0.47169
22,0.94975,0.37695
22,0.86735,0.29444
22,0.74037,0.21234
22,0.68704,0.18415
22,0.65291,0.1465
22,0.6203,0.15779
22,0.60983,0.1897
22,0.63165,0.24584
22,0.68827,0.29324
22,0.76484,0.35873
22,0.74171,0.41384
22,0.6551,0.44332
22,0.48759,0.42689
22,0.37409,0.40458
22,0.32769,0.40393
22,0.28528,0.41921
22,0.2701,0.4446
22,0.28536,0.47466
22,0.32453,0.48946
22,0.37456,0.48613
22,0.47319,0.51063
22,0.59179,0.55322
22,0.47109,0.56971
22,0.3261,0.58767
22,0.28514,0.59027
22,0.23768,0.61606
22,0.22975,0.6458
22,0.24464,0.6744
22,0.29829,0.67324
22,0.34324,0.66194
22,0.47483,0.6643
22,0.60463,0.66556
22,0.51041,0.70158
22,0.38501,0.73002
22,0.34152,0.74096
22,0.30094,0.75732
22,0.29338,0.79466
22,0.31225,0.81457
22,0.35576,0.81595
22,0.41084,0.8021
22,0.529,0.78165
22,0.67073,0.76912
22,0.611,0.83807
22,0.54762,0.89252
22,0.51032,0.91577
22,0.47738,0.96256
22,0.48213,0.98756
22,0.50208,0.99334
22,0.54338,0.97371
22,0.5883,0.94392
22,0.66146,0.89163
22,0.76724,0.82806
22,0.85242,0.81127
22,0.92961,0.7934
22,1.0184,0.75413
23,1.0772,0.43887
23,0.98244,0.34275
23,0.8819,0.27941
23,0.72935,0.22787
23,0.65916,0.21067
23,0.61384,0.18616
23,0.57972,0.20383
23,0.57828,0.23398
23,0.61722,0.28147
23,0.70259,0.32174
23,0.78673,0.36395
23,0.74682,0.41442
23,0.67253,0.42298
23,0.51,0.41512
23,0.37793,0.39539
23,0.32728,0.39859
23,0.2795,0.41441
23,0.26086,0.44183
23,0.27904,0.47083
23,0.3266,0.48324
23,0.37252,0.4811
23,0.48359,0.51057
23,0.60522,0.54262
23,0.47978,0.55947
23,0.33014,0.57189
23,0.27391,0.57968
23,0.22791,0.60336
23,0.22015,0.63494
23,0.2334,0.65678
23,0.29178,0.65845
23,0.33891,0.65438
23,0.47795,0.66095
23,0.62256,0.66292
23,0.52211,0.70228
23,0.38922,0.73739
23,0.34159,0.74655
23,0.28735,0.77044
23,0.28697,0.80532
23,0.30287,0.83152
23,0.36261,0.82461
23,0.4162,0.81245
23,0.54407,0.79172
23,0.68109,0.78217
23,0.61346,0.82734
23,0.54338,0.87636
23,0.49158,0.8964
23,0.45703,0.93405
23,0.46067,0.9647
23,0.47772,0.97408
23,0.53252,0.96
23,0.57344,0.93581
23,0.66493,0.89352
23,0.79703,0.84036
23,0.88551,0.82857
23,0.97677,0.81449
23,1.0711,0.76991
24,1.121,0.41506
24,1.0157,0.32888
24,0.90221,0.26367
24,0.72887,0.2334
24,0.65745,0.23719
24,0.59618,0.23015
24,0.56979,0.24776
24,0.57119,0.28972
24,0.63046,0.33061
24,0.71068,0.3356
24,0.81191,0.3575
24,0.76117,0.39409
24,0.69145,0.40635
24,0.4948,0.41771
24,0.37125,0.42494
24,0.30965,0.4338
24,0.2589,0.4616
24,0.25047,0.48969
24,0.26234,0.5137
24,0.32091,0.52481
24,0.37844,0.51325
24,0.4827,0.52398
24,0.63876,0.53837
24,0.48002,0.55443
24,0.32263,0.56846
24,0.27322,0.57664
24,0.21605,0.60748
24,0.20896,0.63355
24,0.22659,0.66872
24,0.28989,0.66833
24,0.34132,0.6527
24,0.48452,0.65561
24,0.63819,0.65816
24,0.52245,0.6867
24,0.382,0.71493
24,0.32954,0.72547
24,0.27203,0.75463
24,0.26935,0.78509
24,0.28662,0.80978
24,0.35196,0.81072
24,0.39799,0.80323
24,0.54251,0.7865
24,0.70362,0.77348
24,0.62308,0.80199
24,0.53578,0.84065
24,0.48062,0.85526
24,0.43699,0.89219
24,0.43328,0.91757
24,0.44887,0.9338
24,0.50269,0.93001
24,0.56021,0.90966
24,0.65835,0.88114
24,0.80862,0.84917
24,0.91388,0.83859
24,1.0286,0.81377
24,1.1193,0.77443
25,1.166,0.42912
25,1.0256,0.32153
25,0.91367,0.25363
25,0.72632,0.23466
25,0.65412,0.25088
25,0.58786,0.24998
25,0.56979,0.26922
25,0.57412,0.30419
25,0.63779,0.34125
25,0.71854,0.34319
25,0.81751,0.34728
25,0.79771,0.36682
25,0.71724,0.397
25,0.50138,0.42945
25,0.35831,0.44915
25,0.30345,0.46234
25,0.26375,0.49072
25,0.25067,0.51803
25,0.26888,0.55056
25,0.3282,0.55267
25,0.37154,0.54507
25,0.49185,0.53829
25,0.63968,0.53561
25,0.48019,0.56355
25,0.31552,0.5924
25,0.26871,0.6006
25,0.21167,0.63202
25,0.20591,0.67054
25,0.22607,0.6938
25,0.29,0.69153
25,0.3417,0.68069
25,0.48801,0.66935
25,0.63319,0.66177
25,0.52164,0.67775
25,0.37165,0.69867
25,0.32363,0.69993
25,0.27834,0.7168
25,0.26188,0.7554
25,0.27978,0.7862
25,0.33708,0.78688
25,0.38766,0.77981
25,0.53283,0.77223
25,0.70086,0.76244
25,0.61947,0.78742
25,0.52534,0.81106
25,0.46843,0.82281
25,0.41835,0.85302
25,0.41535,0.87676
25,0.43062,0.90266
25,0.49281,0.9007
25,0.5439,0.8864
25,0.65281,0.86553
25,0.82708,0.84036
25,0.91904,0.83497
25,1.0199,0.81908
25,1.1526,0.77083
26,1.1584,0.41115
26,1.0349,0.30853
26,0.92404,0.23907
26,0.73061,0.23254
26,0.65686,0.28115
26,0.58188,0.29851
26,0.58197,0.32253
26,0.5943,0.35389
26,0.65368,0.36672
26,0.73949,0.34766
26,0.81702,0.34654
26,0.78166,0.36877
26,0.69975,0.38906
26,0.50886,0.43393
26,0.35711,0.46893
26,0.30048,0.48525
26,0.25809,0.52152
26,0.24914,0.54697
26,0.26814,0.57357
26,0.32609,0.57739
26,0.37912,0.56163
26,0.49884,0.54648
26,0.64621,0.53066
26,0.46567,0.5591
26,0.31336,0.59049
26,0.25616,0.60321
26,0.20484,0.62978
26,0.1976,0.66606
26,0.21564,0.69836
26,0.26732,0.69761
26,0.33631,0.67751
26,0.48396,0.66348
26,0.66373,0.65367
26,0.51969,0.66711
26,0.36566,0.68768
26,0.31455,0.69203
26,0.26931,0.71025
26,0.25429,0.74405
26,0.26967,0.77123
26,0.33085,0.78378
26,0.38472,0.77345
26,0.53712,0.76608
26,0.70065,0.75883
26,0.62426,0.76716
26,0.53276,0.78527
26,0.4726,0.79104
26,0.41406,0.81877
26,0.4075,0.84754
26,0.42925,0.86816
26,0.47665,0.87549
26,0.54735,0.8662
26,0.65025,0.84999
26,0.82545,0.84644
26,0.93463,0.83479
26,1.0493,0.81117
26,1.1641,0.77645
27,1.0699,0.42952
27,0.96595,0.34282
27,0.8781,0.28087
27,0.70503,0.24703
27,0.63472,0.25644
27,0.58122,0.25187
27,0.55819,0.26949
27,0.56713,0.30758
27,0.60924,0.33546
27,0.69032,0.34306
27,0.78423,0.37401
27,0.73946,0.40432
27,0.67556,0.41331
27,0.50804,0.39038
27,0.38427,0.37106
27,0.3311,0.37131
27,0.28677,0.38386
27,0.26898,0.40758
27,0.27878,0.43433
27,0.32488,0.44905
27,0.38158,0.45342
27,0.48692,0.48684
27,0.60263,0.53087
27,0.47142,0.54586
27,0.32525,0.55378
27,0.27409,0.56032
27,0.2334,0.57909
27,0.22106,0.61212
27,0.23235,0.63717
27,0.28424,0.64185
27,0.33722,0.6384
27,0.47128,0.64255
27,0.61881,0.6555
27,0.51946,0.68936
27,0.37998,0.72584
27,0.33385,0.7353
27,0.29027,0.75908
27,0.28766,0.79309
27,0.30345,0.81302
27,0.35332,0.81137
27,0.40116,0.80342
27,0.54157,0.78138
27,0.68593,0.77037
27,0.62343,0.85018
27,0.55807,0.91084
27,0.51319,0.93953
27,0.48531,0.98163
27,0.4902,1.0071
27,0.51779,1.0101
27,0.55838,0.98977
27,0.60186,0.96437
27,0.68037,0.9077
27,0.79508,0.83737
27,0.89023,0.81345
27,0.96955,0.79378
27,1.0638,0.75542
28,1.023,0.44727
28,0.91694,0.37775
28,0.8605,0.31037
28,0.76649,0.20959
28,0.72965,0.16963
28,0.70463,0.119
28,0.68039,0.12166
28,0.65742,0.14906
28,0.66574,0.21848
28,0.69492,0.26757
28,0.75381,0.36715
28,0.72576,0.44054
28,0.64882,0.46269
28,0.48436,0.43996
28,0.3716,0.42492
28,0.32801,0.42213
28,0.28327,0.44182
28,0.26744,0.4587
28,0.27805,0.48315
28,0.32297,0.49806
28,0.37329,0.50624
28,0.47095,0.53159
28,0.57562,0.5717
28,0.46597,0.5949
28,0.33316,0.6109
28,0.28797,0.61658
28,0.24513,0.63714
28,0.23479,0.66461
28,0.25176,0.69773
28,0.30111,0.69052
28,0.34631,0.68483
28,0.47022,0.68315
28,0.60312,0.68445
28,0.51247,0.71639
28,0.38996,0.74749
28,0.35134,0.75389
28,0.29514,0.78097
28,0.29692,0.8071
28,0.3136,0.83088
28,0.36449,0.82783
28,0.41369,0.81594
28,0.53423,0.79659
28,0.67083,0.78233
28,0.59974,0.81177
28,0.52115,0.855
28,0.47867,0.87229
28,0.44649,0.90466
28,0.44761,0.92474
28,0.46501,0.94194
28,0.50677,0.93124
28,0.55115,0.91483
28,0.6337,0.87801
28,0.76677,0.84141
28,0.88043,0.812
28,0.9829,0.76939
28,1.0797,0.72414
29,1.0605,0.45722
29,0.94858,0.3683
29,0.86321,0.31301
29,0.72815,0.24832
29,0.66753,0.2255
29,0.62264,0.18806
29,0.5908,0.20157
29,0.5914,0.23948
29,0.61536,0.28955
29,0.67368,0.33032
29,0.76659,0.3839
29,0.71835,0.40902
29,0.67625,0.41216
29,0.52126,0.36462
29,0.41549,0.33137
29,0.36965,0.31791
29,0.31314,0.32746
29,0.2954,0.3473
29,0.30185,0.37596
29,0.34068,0.40051
29,0.39556,0.41193
29,0.49249,0.4551
29,0.58378,0.52965
29,0.45846,0.59272
29,0.33528,0.64422
29,0.28567,0.66331
29,0.24467,0.69948
29,0.2496,0.72848
29,0.26224,0.74942
29,0.32377,0.73398
29,0.3635,0.72028
29,0.48637,0.68154
29,0.60173,0.65874
29,0.50407,0.71083
29,0.38357,0.76014
29,0.34034,0.77938
29,0.30015,0.81221
29,0.2999,0.83921
29,0.31555,0.85945
29,0.37357,0.84957
29,0.41379,0.831
29,0.53062,0.79361
29,0.65904,0.75837
29,0.58989,0.81039
29,0.51773,0.86309
29,0.48086,0.88247
29,0.44472,0.91914
29,0.45083,0.94629
29,0.46713,0.9553
29,0.51926,0.94041
29,0.55477,0.91498
29,0.64104,0.86861
29,0.77259,0.81206
29,0.87272,0.79903
29,0.96545,0.78133
29,1.0647,0.75741
30,1.0795,0.45114
30,0.95525,0.351
30,0.87363,0.28989
30,0.74109,0.22547
30,0.68149,0.20272
30,0.6375,0.16544
30,0.60578,0.17718
30,0.59357,0.21971
30,0.61964,0.26546
30,0.69862,0.3048
30,0.77826,0.37563
30,0.72503,0.41839
30,0.66785,0.42849
30,0.49759,0.41758
30,0.37769,0.40529
30,0.33145,0.40143
30,0.27987,0.41875
30,0.26714,0.44396
30,0.27987,0.47083
30,0.32726,0.48401
30,0.37817,0.4873
30,0.48307,0.50615
30,0.60307,0.54524
30,0.4671,0.56963
30,0.33174,0.58606
30,0.28564,0.59638
30,0.2391,0.61623
30,0.22458,0.65271
30,0.24004,0.67609
30,0.29662,0.67396
30,0.3466,0.66947
30,0.47649,0.66003
30,0.61605,0.66519
30,0.51351,0.69183
30,0.38296,0.72187
30,0.34599,0.72952
30,0.28875,0.75225
30,0.28418,0.77963
30,0.29809,0.8032
30,0.35369,0.80592
30,0.39842,0.79733
30,0.52427,0.78049
30,0.67513,0.77481
30,0.6055,0.83849
30,0.5361,0.89111
30,0.49928,0.91294
30,0.46741,0.96257
30,0.4685,0.98453
30,0.48812,0.99004
30,0.53483,0.97175
30,0.58043,0.94412
30,0.66109,0.89331
30,0.78805,0.8337
30,0.87579,0.81517
30,0.97715,0.79182
30,1.0724,0.7566
31,0.96752,0.49359
31,0.87949,0.41303
31,0.83341,0.35052
31,0.78067,0.23234
31,0.76648,0.18912
31,0.75098,0.12423
31,0.73533,0.12226
31,0.71057,0.14064
31,0.69727,0.21157
31,0.70846,0.2513
31,0.72399,0.38037
31,0.69468,0.42498
31,0.61798,0.45988
31,0.47315,0.41953
31,0.37794,0.38605
31,0.3386,0.37923
31,0.29636,0.38046
31,0.28143,0.39508
31,0.28133,0.41564
31,0.32549,0.44114
31,0.36322,0.45585
31,0.44719,0.49197
31,0.55106,0.5655
31,0.4261,0.60492
31,0.32083,0.62656
31,0.28978,0.63543
31,0.23926,0.65306
31,0.23486,0.68055
31,0.24726,0.69831
31,0.30387,0.69921
31,0.34013,0.691
31,0.45234,0.67365
31,0.5645,0.66658
31,0.48121,0.72153
31,0.40082,0.76843
31,0.36451,0.78691
31,0.31788,0.81563
31,0.32234,0.84205
31,0.33541,0.8546
31,0.39177,0.84269
31,0.42837,0.82673
31,0.52093,0.78479
31,0.61298,0.74933
31,0.60009,0.83432
31,0.56789,0.88698
31,0.54212,0.91832
31,0.52486,0.95634
31,0.52938,0.97249
31,0.55135,0.97369
31,0.5834,0.95187
31,0.6117,0.92022
31,0.65052,0.86934
31,0.72383,0.78478
31,0.78322,0.76608
31,0.84707,0.74172
31,0.91276,0.72226
32,1.0019,0.47277
32,0.91776,0.39052
32,0.8502,0.32278
32,0.75387,0.21682
32,0.71998,0.18225
32,0.68401,0.12523
32,0.66081,0.13171
32,0.64409,0.16138
32,0.65847,0.22605
32,0.68679,0.26148
32,0.74463,0.37631
32,0.7272,0.42887
32,0.63572,0.4631
32,0.48735,0.42507
32,0.3819,0.39743
32,0.34358,0.38918
32,0.28827,0.3907
32,0.27259,0.40882
32,0.27833,0.4364
32,0.32139,0.45671
32,0.36357,0.47148
32,0.46732,0.50651
32,0.58259,0.56965
32,0.45681,0.58504
32,0.33069,0.5891
32,0.29133,0.5924
32,0.23711,0.60088
32,0.22403,0.63567
32,0.2379,0.66055
32,0.29824,0.66393
32,0.33943,0.66319
32,0.46385,0.66652
32,0.59719,0.68126
32,0.49726,0.72536
32,0.39903,0.76208
32,0.3612,0.7751
32,0.3065,0.80786
32,0.30676,0.82776
32,0.32093,0.84548
32,0.38136,0.8403
32,0.42658,0.82896
32,0.52868,0.79875
32,0.65015,0.77407
32,0.6098,0.85298
32,0.56753,0.89234
32,0.53164,0.91789
32,0.49931,0.95711
32,0.50214,0.97517
32,0.51823,0.9869
32,0.56258,0.97
32,0.60359,0.9408
32,0.65398,0.89876
32,0.76012,0.8124
32,0.82415,0.79385
32,0.89449,0.77003
32,0.97112,0.74096
33,1.0648,0.45027
33,0.96646,0.34996
33,0.86481,0.29945
33,0.70042,0.24648
33,0.65449,0.22108
33,0.59218,0.18743
33,0.56089,0.20338
33,0.56073,0.24436
33,0.60403,0.29812
33,0.66037,0.3264
33,0.76982,0.39995
33,0.74666,0.43233
33,0.68386,0.44628
33,0.50678,0.41218
33,0.39275,0.38211
33,0.34138,0.37088
33,0.28146,0.37443
33,0.26404,0.39422
33,0.26832,0.42451
33,0.32247,0.44993
33,0.36689,0.45925
33,0.47519,0.5019
33,0.61936,0.56866
33,0.4746,0.57409
33,0.33302,0.57071
33,0.28699,0.5699
33,0.22514,0.58037
33,0.21146,0.61091
33,0.2211,0.64341
33,0.29108,0.64936
33,0.33585,0.65205
33,0.46665,0.66737
33,0.63684,0.69136
33,0.52354,0.71519
33,0.40455,0.74341
33,0.35532,0.75143
33,0.2934,0.77829
33,0.28511,0.80285
33,0.29984,0.82782
33,0.36699,0.82775
33,0.41969,0.82071
33,0.538,0.80572
33,0.6866,0.78643
33,0.62833,0.84862
33,0.55818,0.88366
33,0.51871,0.89959
33,0.46969,0.93375
33,0.46898,0.95519
33,0.48341,0.97038
33,0.54619,0.96464
33,0.59102,0.95093
33,0.67475,0.90996
33,0.81851,0.84085
33,0.89648,0.82066
33,0.97825,0.79481
33,1.0695,0.75891
34,1.1184,0.42609
34,1.0068,0.32905
34,0.87651,0.28427
34,0.67877,0.27227
34,0.61783,0.26874
34,0.53473,0.26392
34,0.51852,0.28467
34,0.52551,0.31731
34,0.58988,0.36715
34,0.66294,0.38194
34,0.78001,0.40483
34,0.74209,0.42598
34,0.68436,0.43431
34,0.51697,0.40683
34,0.38792,0.37991
34,0.3299,0.37377
34,0.25476,0.38498
34,0.24364,0.40434
34,0.24757,0.43236
34,0.29751,0.46247
34,0.35858,0.47324
34,0.48395,0.50661
34,0.64432,0.56868
34,0.4881,0.56909
34,0.34158,0.56505
34,0.28031,0.56706
34,0.21039,0.58414
34,0.19523,0.61548
34,0.20562,0.64721
34,0.28794,0.65586
34,0.33904,0.6566
34,0.47859,0.67524
34,0.66142,0.68583
34,0.53473,0.69461
34,0.41788,0.70618
34,0.35707,0.70988
34,0.27731,0.72416
34,0.2697,0.74983
34,0.28393,0.78234
34,0.36072,0.79066
34,0.42334,0.79374
34,0.54894,0.79434
34,0.7133,0.7972
34,0.64503,0.8338
34,0.56893,0.86163
34,0.51888,0.87151
34,0.46572,0.89677
34,0.45981,0.922
34,0.47345,0.94556
34,0.53607,0.94864
34,0.59382,0.94032
34,0.67469,0.91665
34,0.82794,0.87162
34,0.92528,0.84169
34,1.026,0.81084
34,1.1337,0.7654
35,1.1489,0.41875
35,1.0263,0.3248
35,0.8829,0.28327
35,0.67635,0.28768
35,0.61668,0.29409
35,0.527,0.29028
35,0.50829,0.3113
35,0.51874,0.35241
35,0.60193,0.39858
35,0.66124,0.40382
35,0.79295,0.40653
35,0.74971,0.42917
35,0.70575,0.43662
35,0.50907,0.42266
35,0.36889,0.41096
35,0.31047,0.41506
35,0.2388,0.43278
35,0.22063,0.45556
35,0.23248,0.48856
35,0.3047,0.51108
35,0.36244,0.51103
35,0.48144,0.52912
35,0.66436,0.57414
35,0.49311,0.56793
35,0.33298,0.5603
35,0.28108,0.56052
35,0.19794,0.57207
35,0.18578,0.60843
35,0.20063,0.63859
35,0.28061,0.65494
35,0.33129,0.65701
35,0.4847,0.67436
35,0.66197,0.69415
35,0.54475,0.69479
35,0.41481,0.69155
35,0.35249,0.68913
35,0.2727,0.70543
35,0.26336,0.72555
35,0.27627,0.76208
35,0.3492,0.78055
35,0.40392,0.78332
35,0.55699,0.79308
35,0.72258,0.79329
35,0.64987,0.80747
35,0.55895,0.8252
35,0.51128,0.82029
35,0.44845,0.83536
35,0.43858,0.85372
35,0.45042,0.8867
35,0.51805,0.90677
35,0.58055,0.90336
35,0.66864,0.90188
35,0.85487,0.87471
35,0.97525,0.8462
35,1.0829,0.81381
35,1.171,0.77385
36,1.1841,0.41727
36,1.0499,0.32275
36,0.88356,0.28718
36,0.68466,0.31472
36,0.61515,0.32232
36,0.51681,0.32171
36,0.50557,0.34755
36,0.51719,0.38764
36,0.58815,0.42558
36,0.68291,0.42743
36,0.81643,0.39606
36,0.76559,0.41735
36,0.70332,0.4345
36,0.50131,0.44109
36,0.36286,0.45209
36,0.29636,0.46268
36,0.22517,0.48888
36,0.20854,0.51655
36,0.2213,0.54824
36,0.29807,0.55018
36,0.36402,0.54979
36,0.49057,0.55684
36,0.68556,0.57667
36,0.49362,0.56581
36,0.32631,0.56261
36,0.26755,0.56055
36,0.19387,0.57358
36,0.17788,0.60904
36,0.18825,0.63956
36,0.26748,0.65467
36,0.33286,0.65848
36,0.48705,0.67615
36,0.70063,0.69767
36,0.54227,0.68542
36,0.4145,0.67478
36,0.34852,0.66917
36,0.27118,0.67144
36,0.25814,0.69789
36,0.26671,0.72901
36,0.3418,0.75553
36,0.40718,0.75935
36,0.54882,0.78129
36,0.73652,0.78557
36,0.64779,0.78969
36,0.57165,0.78955
36,0.50983,0.77852
36,0.44929,0.78308
36,0.4314,0.80116
36,0.43811,0.8209
36,0.50546,0.85407
36,0.57267,0.86327
36,0.66626,0.87351
36,0.83956,0.87668
36,0.97015,0.85432
36,1.0917,0.81704
36,1.1939,0.77027
37,1.0432,0.47328
37,0.93316,0.36354
37,0.86658,0.30743
37,0.73805,0.22087
37,0.70751,0.18877
37,0.65089,0.13917
37,0.62464,0.14721
37,0.61854,0.17935
37,0.64566,0.25233
37,0.67766,0.28397
37,0.7665,0.3763
37,0.75332,0.42177
37,0.66853,0.45728
37,0.4808,0.46374
37,0.35686,0.46502
37,0.31583,0.46642
37,0.2638,0.48394
37,0.25065,0.50867
37,0.25812,0.53827
37,0.31391,0.5435
37,0.36064,0.54513
37,0.47909,0.55191
37,0.62184,0.57037
37,0.47067,0.56087
37,0.33878,0.55182
37,0.29306,0.54828
37,0.23557,0.55314
37,0.21792,0.58403
37,0.22785,0.61127
37,0.29216,0.62347
37,0.33306,0.62688
37,0.46034,0.6469
37,0.62313,0.67356
37,0.51194,0.68528
37,0.40063,0.70182
37,0.34794,0.70678
37,0.28426,0.72788
37,0.2794,0.74848
37,0.2946,0.7773
37,0.36004,0.78277
37,0.40981,0.77869
37,0.52907,0.77247
37,0.65245,0.77455
37,0.61713,0.85707
37,0.55563,0.90617
37,0.52276,0.92898
37,0.48863,0.96333
37,0.49387,0.98563
37,0.50752,0.99898
37,0.56291,0.98203
37,0.59578,0.95922
37,0.66691,0.91036
37,0.79391,0.82529
37,0.86959,0.8069
37,0.96086,0.78215
37,1.032,0.75402
38,1.0888,0.44732
38,0.93834,0.35326
38,0.84715,0.30286
38,0.66788,0.2868
38,0.61843,0.27683
38,0.55394,0.26189
38,0.53375,0.28561
38,0.53666,0.32029
38,0.59393,0.36922
38,0.64428,0.38048
38,0.76875,0.40384
38,0.74054,0.42157
38,0.68595,0.44028
38,0.49656,0.42354
38,0.37052,0.40901
38,0.33131,0.40543
38,0.27261,0.41543
38,0.24801,0.43836
38,0.25963,0.4689
38,0.31218,0.48056
38,0.36033,0.49143
38,0.47818,0.51361
38,0.63789,0.56261
38,0.47621,0.52464
38,0.35304,0.50037
38,0.3054,0.49301
38,0.24193,0.48509
38,0.22107,0.51894
38,0.23049,0.54907
38,0.28978,0.56762
38,0.34195,0.58149
38,0.46313,0.61679
38,0.62313,0.65787
38,0.51323,0.68038
38,0.3975,0.69728
38,0.35192,0.70394
38,0.28512,0.72731
38,0.27507,0.75169
38,0.28928,0.78041
38,0.34914,0.78313
38,0.41237,0.77962
38,0.53444,0.77182
38,0.6671,0.78753
38,0.63938,0.8725
38,0.58783,0.93161
38,0.54853,0.9667
38,0.51818,1.0091
38,0.53007,1.0317
38,0.55135,1.0401
38,0.59489,1.0194
38,0.63848,0.97935
38,0.69886,0.92183
38,0.80023,0.82609
38,0.88077,0.8086
38,0.9634,0.78579
38,1.067,0.73484
39,0.96895,0.47724
39,0.877,0.37485
39,0.83692,0.3234
39,0.77398,0.2231
39,0.74945,0.17982
39,0.72991,0.1291
39,0.71044,0.12467
39,0.68968,0.14261
39,0.68461,0.2073
39,0.70344,0.25688
39,0.74789,0.37076
39,0.71715,0.42835
39,0.6268,0.46256
39,0.48583,0.42656
39,0.3887,0.39972
39,0.34437,0.39239
39,0.29215,0.39572
39,0.27924,0.41386
39,0.28466,0.43705
39,0.32744,0.46071
39,0.37025,0.47353
39,0.46087,0.50252
39,0.56954,0.56609
39,0.45002,0.59519
39,0.328,0.62262
39,0.29029,0.627
39,0.24385,0.64868
39,0.23273,0.67816
39,0.2495,0.69956
39,0.30171,0.69624
39,0.3466,0.69089
39,0.4674,0.67496
39,0.58298,0.67435
39,0.48764,0.70521
39,0.39109,0.74757
39,0.34432,0.76325
39,0.30353,0.78946
39,0.29979,0.81012
39,0.31172,0.83117
39,0.36846,0.82219
39,0.41954,0.80869
39,0.51972,0.77819
39,0.61935,0.76035
39,0.59486,0.84531
39,0.55816,0.89238
39,0.52801,0.92646
39,0.50418,0.96622
39,0.51062,0.98576
39,0.52843,0.99266
39,0.57238,0.9693
39,0.60304,0.93338
39,0.65276,0.88202
39,0.74047,0.79678
39,0.8089,0.78117
39,0.87337,0.75855
39,0.97323,0.72204
40,0.96582,0.47467
40,0.9027,0.3986
40,0.84588,0.32803
40,0.78786,0.22633
40,0.7689,0.18262
40,0.75216,0.12402
40,0.73294,0.11681
40,0.70939,0.13933
40,0.70004,0.19464
40,0.71745,0.25437
40,0.74837,0.35639
40,0.70865,0.42752
40,0.61851,0.46075
40,0.48097,0.4135
40,0.3883,0.37852
40,0.35419,0.3692
40,0.30964,0.36282
40,0.28955,0.38336
40,0.29442,0.40784
40,0.33422,0.43511
40,0.36734,0.44803
40,0.46083,0.48709
40,0.55623,0.57201
40,0.45105,0.65321
40,0.34898,0.71598
40,0.31632,0.73309
40,0.27532,0.77011
40,0.27971,0.79639
40,0.29536,0.8132
40,0.34336,0.79642
40,0.38174,0.77605
40,0.48493,0.72324
40,0.59058,0.67206
40,0.48575,0.72731
40,0.40035,0.77149
40,0.36426,0.79056
40,0.32163,0.81942
40,0.32112,0.84243
40,0.33726,0.85745
40,0.39603,0.84362
40,0.43114,0.82814
40,0.5216,0.79016
40,0.63116,0.74585
40,0.56551,0.78481
40,0.51505,0.81056
40,0.47342,0.82522
40,0.43537,0.85147
40,0.43339,0.86926
40,0.44709,0.88265
40,0.49246,0.88251
40,0.53769,0.86883
40,0.60039,0.84064
40,0.71779,0.78882
40,0.78945,0.77369
40,0.87614,0.74241
40,0.97018,0.71603
41,1.0725,0.44342
41,0.96717,0.35712
41,0.88017,0.30078
41,0.74185,0.24337
41,0.68534,0.22168
41,0.63504,0.1954
41,0.61047,0.20655
41,0.60373,0.2391
41,0.6369,0.2901
41,0.69689,0.3244
41,0.77574,0.37679
41,0.74434,0.41438
41,0.67187,0.43555
41,0.49203,0.41904
41,0.37331,0.40705
41,0.32017,0.40569
41,0.27282,0.41763
41,0.257,0.44098
41,0.26535,0.46786
41,0.31356,0.48519
41,0.36744,0.48987
41,0.47445,0.51255
41,0.60263,0.55402
41,0.46644,0.57331
41,0.32652,0.59008
41,0.27514,0.59667
41,0.22641,0.61515
41,0.21671,0.64805
41,0.23061,0.67447
41,0.2872,0.677
41,0.33917,0.67023
41,0.47386,0.66651
41,0.61477,0.66907
41,0.51464,0.70095
41,0.39395,0.7334
41,0.34556,0.74283
41,0.29523,0.76423
41,0.29082,0.79462
41,0.30824,0.8193
41,0.36262,0.81771
41,0.41266,0.80702
41,0.53904,0.78503
41,0.66943,0.76894
41,0.6152,0.82105
41,0.54942,0.8591
41,0.50326,0.87801
41,0.46795,0.90918
41,0.46918,0.9321
41,0.48586,0.94555
41,0.52998,0.93901
41,0.57987,0.91971
41,0.6576,0.88335
41,0.7852,0.83219
41,0.87965,0.81687
41,0.9774,0.79238
41,1.0756,0.75306
42,1.0067,0.46298
42,0.92144,0.38399
42,0.86187,0.32335
42,0.76988,0.22826
42,0.73397,0.18621
42,0.70345,0.1401
42,0.67858,0.14251
42,0.6611,0.16993
42,0.66865,0.22757
42,0.70042,0.27738
42,0.75129,0.36726
42,0.72579,0.42209
42,0.64638,0.44766
42,0.48417,0.41421
42,0.37913,0.39101
42,0.33365,0.38447
42,0.29064,0.39015
42,0.27401,0.4096
42,0.27963,0.4351
42,0.31992,0.45593
42,0.3676,0.4661
42,0.46377,0.49779
42,0.56884,0.55611
42,0.4511,0.59154
42,0.32747,0.61913
42,0.28313,0.62874
42,0.24073,0.6508
42,0.23527,0.68045
42,0.24877,0.70264
42,0.30047,0.70018
42,0.3459,0.69003
42,0.4679,0.67334
42,0.58441,0.66585
42,0.4976,0.71563
42,0.39427,0.76233
42,0.35289,0.77733
42,0.30952,0.80435
42,0.31097,0.83187
42,0.32896,0.8506
42,0.37803,0.8416
42,0.42129,0.82517
42,0.53189,0.78766
42,0.63912,0.7588
42,0.5965,0.82681
42,0.54597,0.8723
42,0.50825,0.89918
42,0.48225,0.93507
42,0.48817,0.95506
42,0.50657,0.96291
42,0.54305,0.9488
42,0.58476,0.92143
42,0.64545,0.87477
42,0.74686,0.80786
42,0.8272,0.79319
42,0.91205,0.77065
42,0.99829,0.73883
43,1.0884,0.43847
43,0.9753,0.34853
43,0.88361,0.29338
43,0.72882,0.24497
43,0.66493,0.22659
43,0.60859,0.20572
43,0.58176,0.22037
43,0.57846,0.25527
43,0.619,0.30512
43,0.69038,0.3376
43,0.7821,0.383
43,0.74455,0.41601
43,0.67762,0.43294
43,0.49694,0.41482
43,0.37497,0.4004
43,0.31968,0.39765
43,0.27044,0.4092
43,0.25405,0.43394
43,0.26259,0.46136
43,0.31162,0.47981
43,0.36745,0.48466
43,0.47768,0.51018
43,0.60829,0.5513
43,0.47272,0.56299
43,0.32744,0.57292
43,0.2743,0.57774
43,0.22455,0.59354
43,0.21229,0.6269
43,0.22557,0.65564
43,0.28391,0.66028
43,0.33642,0.65592
43,0.47531,0.66013
43,0.61986,0.66908
43,0.52045,0.69744
43,0.39422,0.72819
43,0.34442,0.73673
43,0.29185,0.75779
43,0.28655,0.78948
43,0.30452,0.81584
43,0.35939,0.81504
43,0.41155,0.80558
43,0.54278,0.78636
43,0.67965,0.7751
43,0.62274,0.83079
43,0.55256,0.87271
43,0.50519,0.89269
43,0.46876,0.92714
43,0.47112,0.95205
43,0.48818,0.96491
43,0.53457,0.95655
43,0.58514,0.93631
43,0.66755,0.89579
43,0.79679,0.84025
43,0.89272,0.82356
43,0.99271,0.79995
43,1.0929,0.75794
44,1.1612,0.41775
44,1.0366,0.3267
44,0.90742,0.27572
44,0.72116,0.26928
44,0.64346,0.27932
44,0.57001,0.27796
44,0.55215,0.29713
44,0.55758,0.33354
44,0.62197,0.37438
44,0.70751,0.3826
44,0.80736,0.37901
44,0.78089,0.39456
44,0.70726,0.4184
44,0.4944,0.44013
44,0.35717,0.45717
44,0.29451,0.46995
44,0.24366,0.4955
44,0.23097,0.52282
44,0.24426,0.55102
44,0.30612,0.55832
44,0.36708,0.55153
44,0.48705,0.5485
44,0.65485,0.5572
44,0.48005,0.56486
44,0.32212,0.57852
44,0.26142,0.58393
44,0.20281,0.60248
44,0.19156,0.64066
44,0.20797,0.66923
44,0.26957,0.67601
44,0.33317,0.66948
44,0.48182,0.6702
44,0.66166,0.67552
44,0.53297,0.6811
44,0.39257,0.68969
44,0.33397,0.69038
44,0.27582,0.7015
44,0.26208,0.73407
44,0.27686,0.76607
44,0.34057,0.7772
44,0.39842,0.77463
44,0.54321,0.77615
44,0.70233,0.7725
44,0.63214,0.78314
44,0.54781,0.79575
44,0.48806,0.7958
44,0.43715,0.80864
44,0.42594,0.83206
44,0.43813,0.8583
44,0.49136,0.8718
44,0.55577,0.87122
44,0.65487,0.86674
44,0.83044,0.85897
44,0.94907,0.84607
44,1.0665,0.81526
44,1.1831,0.76824
